2,-20,PRo+4NxywSJZykuTsBHria3DcqY=,wJ69IX6/TrymBn7fZ97IPOzE0Qk=
3,-20,PRo+4NxywSJZykuTsBHria3DcqY=,wJ69IX6/TrymBn7fZ97IPOzE0Qk=
2,-19,PRo+4NxywSJZykuTsBHria3DcqY=,wJ69IX6/TrymBn7fZ97IPOzE0Qk=
3,-19,PRo+4NxywSJZykuTsBHria3DcqY=,wJ69IX6/TrymBn7fZ97IPOzE0Qk=
0,-20,PRo+4NxywSJZykuTsBHria3DcqY=,wJ69IX6/TrymBn7fZ97IPOzE0Qk=
1,-20,PRo+4NxywSJZykuTsBHria3DcqY=,wJ69IX6/TrymBn7fZ97IPOzE0Qk=
0,-19,PRo+4NxywSJZykuTsBHria3DcqY=,wJ69IX6/TrymBn7fZ97IPOzE0Qk=
1,-19,PRo+4NxywSJZykuTsBHria3DcqY=,wJ69IX6/TrymBn7fZ97IPOzE0Qk=
0,-18,PRo+4NxywSJZykuTsBHria3DcqY=,wJ69IX6/TrymBn7fZ97IPOzE0Qk=
2,-17,PRo+4NxywSJZykuTsBHria3DcqY=,wJ69IX6/TrymBn7fZ97IPOzE0Qk=
3,-17,PRo+4NxywSJZykuTsBHria3DcqY=,wJ69IX6/TrymBn7fZ97IPOzE0Qk=
1,-17,PRo+4NxywSJZykuTsBHria3DcqY=,wJ69IX6/TrymBn7fZ97IPOzE0Qk=
3,-18,PRo+4NxywSJZykuTsBHria3DcqY=,wJ69IX6/TrymBn7fZ97IPOzE0Qk=
2,-18,PRo+4NxywSJZykuTsBHria3DcqY=,wJ69IX6/TrymBn7fZ97IPOzE0Qk=
1,-18,PRo+4NxywSJZykuTsBHria3DcqY=,wJ69IX6/TrymBn7fZ97IPOzE0Qk=
0,-17,PRo+4NxywSJZykuTsBHria3DcqY=,wJ69IX6/TrymBn7fZ97IPOzE0Qk=
6,-4,5U10f8vch0KtPU3valZPY3kqN7k=,6Z0IDp2U2LsaITrvXbHCZ7Aezrg=
7,-5,OtHbD2aQFIAaYjJSLpw6Fm5yUzI=,S8QUDFk3IfHC00EjutJ8+ZeyyVo=
7,-4,5U10f8vch0KtPU3valZPY3kqN7k=,6Z0IDp2U2LsaITrvXbHCZ7Aezrg=
6,-5,OtHbD2aQFIAaYjJSLpw6Fm5yUzI=,S8QUDFk3IfHC00EjutJ8+ZeyyVo=
9,-3,iGbFlwZYrDek6u4sviV9RKbrqbw=,Ydub8QiehnRcP23jDgbXSkCZjuQ=
6,-3,5U10f8vch0KtPU3valZPY3kqN7k=,6Z0IDp2U2LsaITrvXbHCZ7Aezrg=
8,-3,iGbFlwZYrDek6u4sviV9RKbrqbw=,Ydub8QiehnRcP23jDgbXSkCZjuQ=
9,-5,OtHbD2aQFIAaYjJSLpw6Fm5yUzI=,kewWdaQawmgWN8mEfU0qlrTfXRY=
8,-5,OtHbD2aQFIAaYjJSLpw6Fm5yUzI=,kewWdaQawmgWN8mEfU0qlrTfXRY=
9,-4,iGbFlwZYrDek6u4sviV9RKbrqbw=,Ydub8QiehnRcP23jDgbXSkCZjuQ=
7,-3,5U10f8vch0KtPU3valZPY3kqN7k=,6Z0IDp2U2LsaITrvXbHCZ7Aezrg=
9,-6,OtHbD2aQFIAaYjJSLpw6Fm5yUzI=,kewWdaQawmgWN8mEfU0qlrTfXRY=
8,-4,iGbFlwZYrDek6u4sviV9RKbrqbw=,Ydub8QiehnRcP23jDgbXSkCZjuQ=
8,-6,OtHbD2aQFIAaYjJSLpw6Fm5yUzI=,kewWdaQawmgWN8mEfU0qlrTfXRY=
6,-6,OtHbD2aQFIAaYjJSLpw6Fm5yUzI=,S8QUDFk3IfHC00EjutJ8+ZeyyVo=
7,-6,OtHbD2aQFIAaYjJSLpw6Fm5yUzI=,S8QUDFk3IfHC00EjutJ8+ZeyyVo=
2,-12,qUFu9vkQd+BO7zRNLYmNyUZD/wU=,RX5xlpkdn22fNGzU8aTvhEJnywE=
3,-12,qUFu9vkQd+BO7zRNLYmNyUZD/wU=,RX5xlpkdn22fNGzU8aTvhEJnywE=
2,-6,iDDbMSI0lGaLub1tcPT5RUC2wRI=,hm734z/ShIJHl5vSrw7Jb325a3g=
3,-3,Icojc2s5v/FXjJ46TjXIZEq2rTU=,rK+cEaR28d7qURI19sy6klEfGus=
3,-6,iDDbMSI0lGaLub1tcPT5RUC2wRI=,hm734z/ShIJHl5vSrw7Jb325a3g=
2,-4,Icojc2s5v/FXjJ46TjXIZEq2rTU=,rK+cEaR28d7qURI19sy6klEfGus=
3,-4,Icojc2s5v/FXjJ46TjXIZEq2rTU=,rK+cEaR28d7qURI19sy6klEfGus=
2,-5,iDDbMSI0lGaLub1tcPT5RUC2wRI=,hm734z/ShIJHl5vSrw7Jb325a3g=
3,-5,iDDbMSI0lGaLub1tcPT5RUC2wRI=,hm734z/ShIJHl5vSrw7Jb325a3g=
4,-4,5U10f8vch0KtPU3valZPY3kqN7k=,6Z0IDp2U2LsaITrvXbHCZ7Aezrg=
5,-4,5U10f8vch0KtPU3valZPY3kqN7k=,6Z0IDp2U2LsaITrvXbHCZ7Aezrg=
4,-3,5U10f8vch0KtPU3valZPY3kqN7k=,6Z0IDp2U2LsaITrvXbHCZ7Aezrg=
5,-3,5U10f8vch0KtPU3valZPY3kqN7k=,6Z0IDp2U2LsaITrvXbHCZ7Aezrg=
4,-6,OtHbD2aQFIAaYjJSLpw6Fm5yUzI=,S8QUDFk3IfHC00EjutJ8+ZeyyVo=
5,-6,OtHbD2aQFIAaYjJSLpw6Fm5yUzI=,S8QUDFk3IfHC00EjutJ8+ZeyyVo=
4,-5,OtHbD2aQFIAaYjJSLpw6Fm5yUzI=,S8QUDFk3IfHC00EjutJ8+ZeyyVo=
5,-5,OtHbD2aQFIAaYjJSLpw6Fm5yUzI=,S8QUDFk3IfHC00EjutJ8+ZeyyVo=
2,-3,Icojc2s5v/FXjJ46TjXIZEq2rTU=,rK+cEaR28d7qURI19sy6klEfGus=
5,-13,DgM3rlKBIIUzOQn+gj8EIaDgEaE=,0f8IOEAy+BD8dGW010h8j2yAbDY=
4,-13,DgM3rlKBIIUzOQn+gj8EIaDgEaE=,0f8IOEAy+BD8dGW010h8j2yAbDY=
5,-9,tVXLLnSYZ0tJS5miChBLtYCh/8Y=,x0xDXr4smXROR/PCG/5v6QQpOs0=
3,-13,/A5gLBwEFki0yU2FgL9ihe08tFQ=,OAdMJnRa13NhvHImGyIWpbmuTMY=
2,-13,/A5gLBwEFki0yU2FgL9ihe08tFQ=,OAdMJnRa13NhvHImGyIWpbmuTMY=
5,-14,DgM3rlKBIIUzOQn+gj8EIaDgEaE=,0f8IOEAy+BD8dGW010h8j2yAbDY=
4,-14,DgM3rlKBIIUzOQn+gj8EIaDgEaE=,0f8IOEAy+BD8dGW010h8j2yAbDY=
3,-7,VF+mW4t9jJdJqEUYkmHp4vhOZ2s=,hm734z/ShIJHl5vSrw7Jb325a3g=
4,-9,tVXLLnSYZ0tJS5miChBLtYCh/8Y=,x0xDXr4smXROR/PCG/5v6QQpOs0=
5,-10,tVXLLnSYZ0tJS5miChBLtYCh/8Y=,x0xDXr4smXROR/PCG/5v6QQpOs0=
2,-7,VF+mW4t9jJdJqEUYkmHp4vhOZ2s=,hm734z/ShIJHl5vSrw7Jb325a3g=
4,-10,tVXLLnSYZ0tJS5miChBLtYCh/8Y=,x0xDXr4smXROR/PCG/5v6QQpOs0=
3,-14,/A5gLBwEFki0yU2FgL9ihe08tFQ=,OAdMJnRa13NhvHImGyIWpbmuTMY=
5,-11,eMCpbloygtEs+fnRoUUW6DOWNhQ=,x0xDXr4smXROR/PCG/5v6QQpOs0=
4,-11,eMCpbloygtEs+fnRoUUW6DOWNhQ=,x0xDXr4smXROR/PCG/5v6QQpOs0=
2,-14,/A5gLBwEFki0yU2FgL9ihe08tFQ=,OAdMJnRa13NhvHImGyIWpbmuTMY=
5,-12,eMCpbloygtEs+fnRoUUW6DOWNhQ=,x0xDXr4smXROR/PCG/5v6QQpOs0=
4,-12,eMCpbloygtEs+fnRoUUW6DOWNhQ=,x0xDXr4smXROR/PCG/5v6QQpOs0=
5,-7,tVXLLnSYZ0tJS5miChBLtYCh/8Y=,S8QUDFk3IfHC00EjutJ8+ZeyyVo=
4,-7,tVXLLnSYZ0tJS5miChBLtYCh/8Y=,S8QUDFk3IfHC00EjutJ8+ZeyyVo=
5,-8,tVXLLnSYZ0tJS5miChBLtYCh/8Y=,S8QUDFk3IfHC00EjutJ8+ZeyyVo=
4,-8,tVXLLnSYZ0tJS5miChBLtYCh/8Y=,S8QUDFk3IfHC00EjutJ8+ZeyyVo=
3,-9,VF+mW4t9jJdJqEUYkmHp4vhOZ2s=,RX5xlpkdn22fNGzU8aTvhEJnywE=
2,-9,VF+mW4t9jJdJqEUYkmHp4vhOZ2s=,RX5xlpkdn22fNGzU8aTvhEJnywE=
3,-11,qUFu9vkQd+BO7zRNLYmNyUZD/wU=,RX5xlpkdn22fNGzU8aTvhEJnywE=
3,-8,VF+mW4t9jJdJqEUYkmHp4vhOZ2s=,hm734z/ShIJHl5vSrw7Jb325a3g=
2,-11,qUFu9vkQd+BO7zRNLYmNyUZD/wU=,RX5xlpkdn22fNGzU8aTvhEJnywE=
2,-8,VF+mW4t9jJdJqEUYkmHp4vhOZ2s=,hm734z/ShIJHl5vSrw7Jb325a3g=
3,-10,VF+mW4t9jJdJqEUYkmHp4vhOZ2s=,RX5xlpkdn22fNGzU8aTvhEJnywE=
2,-10,VF+mW4t9jJdJqEUYkmHp4vhOZ2s=,RX5xlpkdn22fNGzU8aTvhEJnywE=
0,-10,VF+mW4t9jJdJqEUYkmHp4vhOZ2s=,RX5xlpkdn22fNGzU8aTvhEJnywE=
1,-10,VF+mW4t9jJdJqEUYkmHp4vhOZ2s=,RX5xlpkdn22fNGzU8aTvhEJnywE=
0,-9,VF+mW4t9jJdJqEUYkmHp4vhOZ2s=,RX5xlpkdn22fNGzU8aTvhEJnywE=
1,-9,VF+mW4t9jJdJqEUYkmHp4vhOZ2s=,RX5xlpkdn22fNGzU8aTvhEJnywE=
0,-8,VF+mW4t9jJdJqEUYkmHp4vhOZ2s=,hm734z/ShIJHl5vSrw7Jb325a3g=
1,-8,VF+mW4t9jJdJqEUYkmHp4vhOZ2s=,hm734z/ShIJHl5vSrw7Jb325a3g=
0,-7,VF+mW4t9jJdJqEUYkmHp4vhOZ2s=,hm734z/ShIJHl5vSrw7Jb325a3g=
1,-7,VF+mW4t9jJdJqEUYkmHp4vhOZ2s=,hm734z/ShIJHl5vSrw7Jb325a3g=
0,-6,iDDbMSI0lGaLub1tcPT5RUC2wRI=,hm734z/ShIJHl5vSrw7Jb325a3g=
1,-6,iDDbMSI0lGaLub1tcPT5RUC2wRI=,hm734z/ShIJHl5vSrw7Jb325a3g=
0,-4,94w80PUdYfdutHIJdjDS6QzfkEk=,rK+cEaR28d7qURI19sy6klEfGus=
1,-3,Icojc2s5v/FXjJ46TjXIZEq2rTU=,rK+cEaR28d7qURI19sy6klEfGus=
0,-3,Icojc2s5v/FXjJ46TjXIZEq2rTU=,rK+cEaR28d7qURI19sy6klEfGus=
1,-5,iDDbMSI0lGaLub1tcPT5RUC2wRI=,hm734z/ShIJHl5vSrw7Jb325a3g=
0,-5,iDDbMSI0lGaLub1tcPT5RUC2wRI=,hm734z/ShIJHl5vSrw7Jb325a3g=
1,-4,Icojc2s5v/FXjJ46TjXIZEq2rTU=,rK+cEaR28d7qURI19sy6klEfGus=
14,-7,JHT2LprXh00G4+7QlC5/iG36A9o=,bjbuzbq9QXxSoAHbTZ+9MZ/x99E=
2,-2,Icojc2s5v/FXjJ46TjXIZEq2rTU=,rK+cEaR28d7qURI19sy6klEfGus=
3,-2,Icojc2s5v/FXjJ46TjXIZEq2rTU=,rK+cEaR28d7qURI19sy6klEfGus=
4,-2,5U10f8vch0KtPU3valZPY3kqN7k=,6Z0IDp2U2LsaITrvXbHCZ7Aezrg=
5,-2,5U10f8vch0KtPU3valZPY3kqN7k=,6Z0IDp2U2LsaITrvXbHCZ7Aezrg=
6,-2,5U10f8vch0KtPU3valZPY3kqN7k=,6Z0IDp2U2LsaITrvXbHCZ7Aezrg=
4,-1,5U10f8vch0KtPU3valZPY3kqN7k=,6Z0IDp2U2LsaITrvXbHCZ7Aezrg=
5,-1,5U10f8vch0KtPU3valZPY3kqN7k=,6Z0IDp2U2LsaITrvXbHCZ7Aezrg=
7,-2,5U10f8vch0KtPU3valZPY3kqN7k=,6Z0IDp2U2LsaITrvXbHCZ7Aezrg=
6,-1,5U10f8vch0KtPU3valZPY3kqN7k=,6Z0IDp2U2LsaITrvXbHCZ7Aezrg=
7,-1,5U10f8vch0KtPU3valZPY3kqN7k=,6Z0IDp2U2LsaITrvXbHCZ7Aezrg=
8,-2,iGbFlwZYrDek6u4sviV9RKbrqbw=,Ydub8QiehnRcP23jDgbXSkCZjuQ=
9,-2,iGbFlwZYrDek6u4sviV9RKbrqbw=,Ydub8QiehnRcP23jDgbXSkCZjuQ=
2,-1,94w80PUdYfdutHIJdjDS6QzfkEk=,rK+cEaR28d7qURI19sy6klEfGus=
3,-1,94w80PUdYfdutHIJdjDS6QzfkEk=,rK+cEaR28d7qURI19sy6klEfGus=
8,-1,iGbFlwZYrDek6u4sviV9RKbrqbw=,Ydub8QiehnRcP23jDgbXSkCZjuQ=
9,-1,iGbFlwZYrDek6u4sviV9RKbrqbw=,Ydub8QiehnRcP23jDgbXSkCZjuQ=
15,-7,JHT2LprXh00G4+7QlC5/iG36A9o=,bjbuzbq9QXxSoAHbTZ+9MZ/x99E=
14,-8,JHT2LprXh00G4+7QlC5/iG36A9o=,bjbuzbq9QXxSoAHbTZ+9MZ/x99E=
15,-8,JHT2LprXh00G4+7QlC5/iG36A9o=,bjbuzbq9QXxSoAHbTZ+9MZ/x99E=
2,-16,YAe6ORlA/iWFAHRKb6OSAxtI3MM=,OAdMJnRa13NhvHImGyIWpbmuTMY=
3,-16,YAe6ORlA/iWFAHRKb6OSAxtI3MM=,OAdMJnRa13NhvHImGyIWpbmuTMY=
2,-15,YAe6ORlA/iWFAHRKb6OSAxtI3MM=,OAdMJnRa13NhvHImGyIWpbmuTMY=
3,-15,YAe6ORlA/iWFAHRKb6OSAxtI3MM=,OAdMJnRa13NhvHImGyIWpbmuTMY=
4,-16,rXtJ/7o+yJ8C6S6TWUmhWuVUFAA=,0f8IOEAy+BD8dGW010h8j2yAbDY=
5,-16,rXtJ/7o+yJ8C6S6TWUmhWuVUFAA=,0f8IOEAy+BD8dGW010h8j2yAbDY=
4,-15,LZEXFUyKQKzIs+sLHQQF+osivgo=,0f8IOEAy+BD8dGW010h8j2yAbDY=
5,-15,LZEXFUyKQKzIs+sLHQQF+osivgo=,0f8IOEAy+BD8dGW010h8j2yAbDY=
6,-16,LZEXFUyKQKzIs+sLHQQF+osivgo=,0f8IOEAy+BD8dGW010h8j2yAbDY=
7,-16,LZEXFUyKQKzIs+sLHQQF+osivgo=,0f8IOEAy+BD8dGW010h8j2yAbDY=
6,-15,LZEXFUyKQKzIs+sLHQQF+osivgo=,0f8IOEAy+BD8dGW010h8j2yAbDY=
7,-15,LZEXFUyKQKzIs+sLHQQF+osivgo=,0f8IOEAy+BD8dGW010h8j2yAbDY=
0,-2,Icojc2s5v/FXjJ46TjXIZEq2rTU=,rK+cEaR28d7qURI19sy6klEfGus=
1,-2,Icojc2s5v/FXjJ46TjXIZEq2rTU=,rK+cEaR28d7qURI19sy6klEfGus=
0,-1,Icojc2s5v/FXjJ46TjXIZEq2rTU=,rK+cEaR28d7qURI19sy6klEfGus=
1,-1,Icojc2s5v/FXjJ46TjXIZEq2rTU=,rK+cEaR28d7qURI19sy6klEfGus=
12,-6,+7Zp2x9YPfFmJTlB1AoBhBXM1ZU=,bjbuzbq9QXxSoAHbTZ+9MZ/x99E=
11,-1,iGbFlwZYrDek6u4sviV9RKbrqbw=,Ydub8QiehnRcP23jDgbXSkCZjuQ=
11,-5,JXInu7B6bRKV5THB8sIEAA3bqIE=,kewWdaQawmgWN8mEfU0qlrTfXRY=
10,-1,iGbFlwZYrDek6u4sviV9RKbrqbw=,Ydub8QiehnRcP23jDgbXSkCZjuQ=
11,-3,iGbFlwZYrDek6u4sviV9RKbrqbw=,Ydub8QiehnRcP23jDgbXSkCZjuQ=
10,-5,JXInu7B6bRKV5THB8sIEAA3bqIE=,kewWdaQawmgWN8mEfU0qlrTfXRY=
10,-3,iGbFlwZYrDek6u4sviV9RKbrqbw=,Ydub8QiehnRcP23jDgbXSkCZjuQ=
11,-2,iGbFlwZYrDek6u4sviV9RKbrqbw=,Ydub8QiehnRcP23jDgbXSkCZjuQ=
11,-4,iGbFlwZYrDek6u4sviV9RKbrqbw=,Ydub8QiehnRcP23jDgbXSkCZjuQ=
10,-4,iGbFlwZYrDek6u4sviV9RKbrqbw=,Ydub8QiehnRcP23jDgbXSkCZjuQ=
11,-6,JXInu7B6bRKV5THB8sIEAA3bqIE=,kewWdaQawmgWN8mEfU0qlrTfXRY=
10,-6,JXInu7B6bRKV5THB8sIEAA3bqIE=,kewWdaQawmgWN8mEfU0qlrTfXRY=
15,-1,TmsgXoMwd/54x3knwnom+rbJU6Y=,8vb40Ppm6QLix72ZdxyvmdH9XLQ=
14,-1,TmsgXoMwd/54x3knwnom+rbJU6Y=,8vb40Ppm6QLix72ZdxyvmdH9XLQ=
15,-2,TmsgXoMwd/54x3knwnom+rbJU6Y=,8vb40Ppm6QLix72ZdxyvmdH9XLQ=
14,-2,TmsgXoMwd/54x3knwnom+rbJU6Y=,8vb40Ppm6QLix72ZdxyvmdH9XLQ=
13,-1,iGbFlwZYrDek6u4sviV9RKbrqbw=,8vb40Ppm6QLix72ZdxyvmdH9XLQ=
12,-1,iGbFlwZYrDek6u4sviV9RKbrqbw=,8vb40Ppm6QLix72ZdxyvmdH9XLQ=
13,-2,iGbFlwZYrDek6u4sviV9RKbrqbw=,8vb40Ppm6QLix72ZdxyvmdH9XLQ=
10,-2,iGbFlwZYrDek6u4sviV9RKbrqbw=,Ydub8QiehnRcP23jDgbXSkCZjuQ=
12,-2,iGbFlwZYrDek6u4sviV9RKbrqbw=,8vb40Ppm6QLix72ZdxyvmdH9XLQ=
15,-3,TmsgXoMwd/54x3knwnom+rbJU6Y=,8vb40Ppm6QLix72ZdxyvmdH9XLQ=
14,-3,TmsgXoMwd/54x3knwnom+rbJU6Y=,8vb40Ppm6QLix72ZdxyvmdH9XLQ=
15,-4,TmsgXoMwd/54x3knwnom+rbJU6Y=,8vb40Ppm6QLix72ZdxyvmdH9XLQ=
14,-4,TmsgXoMwd/54x3knwnom+rbJU6Y=,8vb40Ppm6QLix72ZdxyvmdH9XLQ=
13,-3,iGbFlwZYrDek6u4sviV9RKbrqbw=,8vb40Ppm6QLix72ZdxyvmdH9XLQ=
12,-3,iGbFlwZYrDek6u4sviV9RKbrqbw=,8vb40Ppm6QLix72ZdxyvmdH9XLQ=
13,-4,iGbFlwZYrDek6u4sviV9RKbrqbw=,8vb40Ppm6QLix72ZdxyvmdH9XLQ=
12,-4,iGbFlwZYrDek6u4sviV9RKbrqbw=,8vb40Ppm6QLix72ZdxyvmdH9XLQ=
15,-5,JHT2LprXh00G4+7QlC5/iG36A9o=,bjbuzbq9QXxSoAHbTZ+9MZ/x99E=
14,-5,JHT2LprXh00G4+7QlC5/iG36A9o=,bjbuzbq9QXxSoAHbTZ+9MZ/x99E=
13,-5,+7Zp2x9YPfFmJTlB1AoBhBXM1ZU=,bjbuzbq9QXxSoAHbTZ+9MZ/x99E=
12,-5,+7Zp2x9YPfFmJTlB1AoBhBXM1ZU=,bjbuzbq9QXxSoAHbTZ+9MZ/x99E=
15,-6,JHT2LprXh00G4+7QlC5/iG36A9o=,bjbuzbq9QXxSoAHbTZ+9MZ/x99E=
14,-6,JHT2LprXh00G4+7QlC5/iG36A9o=,bjbuzbq9QXxSoAHbTZ+9MZ/x99E=
13,-6,+7Zp2x9YPfFmJTlB1AoBhBXM1ZU=,bjbuzbq9QXxSoAHbTZ+9MZ/x99E=
0,-16,g6VprsM7K8aEs9MMcsArabwu+zQ=,OAdMJnRa13NhvHImGyIWpbmuTMY=
1,-16,g6VprsM7K8aEs9MMcsArabwu+zQ=,OAdMJnRa13NhvHImGyIWpbmuTMY=
1,-13,g6VprsM7K8aEs9MMcsArabwu+zQ=,OAdMJnRa13NhvHImGyIWpbmuTMY=
0,-12,qUFu9vkQd+BO7zRNLYmNyUZD/wU=,RX5xlpkdn22fNGzU8aTvhEJnywE=
1,-12,qUFu9vkQd+BO7zRNLYmNyUZD/wU=,RX5xlpkdn22fNGzU8aTvhEJnywE=
0,-13,g6VprsM7K8aEs9MMcsArabwu+zQ=,OAdMJnRa13NhvHImGyIWpbmuTMY=
0,-15,g6VprsM7K8aEs9MMcsArabwu+zQ=,OAdMJnRa13NhvHImGyIWpbmuTMY=
1,-14,g6VprsM7K8aEs9MMcsArabwu+zQ=,OAdMJnRa13NhvHImGyIWpbmuTMY=
1,-15,g6VprsM7K8aEs9MMcsArabwu+zQ=,OAdMJnRa13NhvHImGyIWpbmuTMY=
0,-14,g6VprsM7K8aEs9MMcsArabwu+zQ=,OAdMJnRa13NhvHImGyIWpbmuTMY=
0,-11,qUFu9vkQd+BO7zRNLYmNyUZD/wU=,RX5xlpkdn22fNGzU8aTvhEJnywE=
1,-11,qUFu9vkQd+BO7zRNLYmNyUZD/wU=,RX5xlpkdn22fNGzU8aTvhEJnywE=
7,-13,UfsmWa0iBVm4AD0t9sZLtl90svg=,0f8IOEAy+BD8dGW010h8j2yAbDY=
6,-13,UfsmWa0iBVm4AD0t9sZLtl90svg=,0f8IOEAy+BD8dGW010h8j2yAbDY=
8,-12,UfsmWa0iBVm4AD0t9sZLtl90svg=,A6hFQJv/I2KSS0Bd7UH5cvhXutk=
6,-9,pPsrKbAU2foHkbnNKheoUAsjIwA=,x0xDXr4smXROR/PCG/5v6QQpOs0=
9,-12,UfsmWa0iBVm4AD0t9sZLtl90svg=,A6hFQJv/I2KSS0Bd7UH5cvhXutk=
10,-12,UfsmWa0iBVm4AD0t9sZLtl90svg=,A6hFQJv/I2KSS0Bd7UH5cvhXutk=
11,-12,UfsmWa0iBVm4AD0t9sZLtl90svg=,A6hFQJv/I2KSS0Bd7UH5cvhXutk=
7,-14,UfsmWa0iBVm4AD0t9sZLtl90svg=,0f8IOEAy+BD8dGW010h8j2yAbDY=
13,-8,JHT2LprXh00G4+7QlC5/iG36A9o=,bjbuzbq9QXxSoAHbTZ+9MZ/x99E=
12,-8,JHT2LprXh00G4+7QlC5/iG36A9o=,bjbuzbq9QXxSoAHbTZ+9MZ/x99E=
6,-14,UfsmWa0iBVm4AD0t9sZLtl90svg=,0f8IOEAy+BD8dGW010h8j2yAbDY=
8,-11,UfsmWa0iBVm4AD0t9sZLtl90svg=,A6hFQJv/I2KSS0Bd7UH5cvhXutk=
7,-9,pPsrKbAU2foHkbnNKheoUAsjIwA=,x0xDXr4smXROR/PCG/5v6QQpOs0=
6,-10,pPsrKbAU2foHkbnNKheoUAsjIwA=,x0xDXr4smXROR/PCG/5v6QQpOs0=
7,-11,JXInu7B6bRKV5THB8sIEAA3bqIE=,x0xDXr4smXROR/PCG/5v6QQpOs0=
7,-10,pPsrKbAU2foHkbnNKheoUAsjIwA=,x0xDXr4smXROR/PCG/5v6QQpOs0=
6,-11,JXInu7B6bRKV5THB8sIEAA3bqIE=,x0xDXr4smXROR/PCG/5v6QQpOs0=
13,-7,JHT2LprXh00G4+7QlC5/iG36A9o=,bjbuzbq9QXxSoAHbTZ+9MZ/x99E=
12,-7,JHT2LprXh00G4+7QlC5/iG36A9o=,bjbuzbq9QXxSoAHbTZ+9MZ/x99E=
11,-7,JXInu7B6bRKV5THB8sIEAA3bqIE=,kewWdaQawmgWN8mEfU0qlrTfXRY=
9,-11,UfsmWa0iBVm4AD0t9sZLtl90svg=,A6hFQJv/I2KSS0Bd7UH5cvhXutk=
10,-11,UfsmWa0iBVm4AD0t9sZLtl90svg=,A6hFQJv/I2KSS0Bd7UH5cvhXutk=
11,-11,UfsmWa0iBVm4AD0t9sZLtl90svg=,A6hFQJv/I2KSS0Bd7UH5cvhXutk=
8,-7,pPsrKbAU2foHkbnNKheoUAsjIwA=,kewWdaQawmgWN8mEfU0qlrTfXRY=
7,-12,JXInu7B6bRKV5THB8sIEAA3bqIE=,x0xDXr4smXROR/PCG/5v6QQpOs0=
6,-8,pPsrKbAU2foHkbnNKheoUAsjIwA=,S8QUDFk3IfHC00EjutJ8+ZeyyVo=
6,-12,JXInu7B6bRKV5THB8sIEAA3bqIE=,x0xDXr4smXROR/PCG/5v6QQpOs0=
10,-7,JXInu7B6bRKV5THB8sIEAA3bqIE=,kewWdaQawmgWN8mEfU0qlrTfXRY=
7,-8,pPsrKbAU2foHkbnNKheoUAsjIwA=,S8QUDFk3IfHC00EjutJ8+ZeyyVo=
7,-7,pPsrKbAU2foHkbnNKheoUAsjIwA=,S8QUDFk3IfHC00EjutJ8+ZeyyVo=
11,-9,UfsmWa0iBVm4AD0t9sZLtl90svg=,A6hFQJv/I2KSS0Bd7UH5cvhXutk=
8,-8,pPsrKbAU2foHkbnNKheoUAsjIwA=,kewWdaQawmgWN8mEfU0qlrTfXRY=
10,-9,UfsmWa0iBVm4AD0t9sZLtl90svg=,A6hFQJv/I2KSS0Bd7UH5cvhXutk=
9,-8,pPsrKbAU2foHkbnNKheoUAsjIwA=,kewWdaQawmgWN8mEfU0qlrTfXRY=
9,-9,UfsmWa0iBVm4AD0t9sZLtl90svg=,A6hFQJv/I2KSS0Bd7UH5cvhXutk=
6,-7,pPsrKbAU2foHkbnNKheoUAsjIwA=,S8QUDFk3IfHC00EjutJ8+ZeyyVo=
11,-10,UfsmWa0iBVm4AD0t9sZLtl90svg=,A6hFQJv/I2KSS0Bd7UH5cvhXutk=
10,-8,JXInu7B6bRKV5THB8sIEAA3bqIE=,kewWdaQawmgWN8mEfU0qlrTfXRY=
11,-8,JXInu7B6bRKV5THB8sIEAA3bqIE=,kewWdaQawmgWN8mEfU0qlrTfXRY=
8,-9,UfsmWa0iBVm4AD0t9sZLtl90svg=,A6hFQJv/I2KSS0Bd7UH5cvhXutk=
10,-10,UfsmWa0iBVm4AD0t9sZLtl90svg=,A6hFQJv/I2KSS0Bd7UH5cvhXutk=
8,-10,UfsmWa0iBVm4AD0t9sZLtl90svg=,A6hFQJv/I2KSS0Bd7UH5cvhXutk=
9,-10,UfsmWa0iBVm4AD0t9sZLtl90svg=,A6hFQJv/I2KSS0Bd7UH5cvhXutk=
9,-7,pPsrKbAU2foHkbnNKheoUAsjIwA=,kewWdaQawmgWN8mEfU0qlrTfXRY=
14,-9,JHT2LprXh00G4+7QlC5/iG36A9o=,KWRe+96lhRug+wNwe+SGF9b+oJA=
15,-9,JHT2LprXh00G4+7QlC5/iG36A9o=,KWRe+96lhRug+wNwe+SGF9b+oJA=
14,-11,JHT2LprXh00G4+7QlC5/iG36A9o=,KWRe+96lhRug+wNwe+SGF9b+oJA=
15,-11,JHT2LprXh00G4+7QlC5/iG36A9o=,KWRe+96lhRug+wNwe+SGF9b+oJA=
14,-14,JHT2LprXh00G4+7QlC5/iG36A9o=,9a0mccP0uGyPhdA8HOd+EtGWzVs=
15,-14,JHT2LprXh00G4+7QlC5/iG36A9o=,9a0mccP0uGyPhdA8HOd+EtGWzVs=
14,-10,JHT2LprXh00G4+7QlC5/iG36A9o=,KWRe+96lhRug+wNwe+SGF9b+oJA=
14,-12,JHT2LprXh00G4+7QlC5/iG36A9o=,KWRe+96lhRug+wNwe+SGF9b+oJA=
15,-12,JHT2LprXh00G4+7QlC5/iG36A9o=,KWRe+96lhRug+wNwe+SGF9b+oJA=
15,-10,JHT2LprXh00G4+7QlC5/iG36A9o=,KWRe+96lhRug+wNwe+SGF9b+oJA=
14,-13,JHT2LprXh00G4+7QlC5/iG36A9o=,9a0mccP0uGyPhdA8HOd+EtGWzVs=
15,-13,JHT2LprXh00G4+7QlC5/iG36A9o=,9a0mccP0uGyPhdA8HOd+EtGWzVs=
14,-15,JHT2LprXh00G4+7QlC5/iG36A9o=,9a0mccP0uGyPhdA8HOd+EtGWzVs=
15,-15,JHT2LprXh00G4+7QlC5/iG36A9o=,9a0mccP0uGyPhdA8HOd+EtGWzVs=
14,-16,JHT2LprXh00G4+7QlC5/iG36A9o=,9a0mccP0uGyPhdA8HOd+EtGWzVs=
15,-16,JHT2LprXh00G4+7QlC5/iG36A9o=,9a0mccP0uGyPhdA8HOd+EtGWzVs=
12,-15,JHT2LprXh00G4+7QlC5/iG36A9o=,9a0mccP0uGyPhdA8HOd+EtGWzVs=
13,-15,JHT2LprXh00G4+7QlC5/iG36A9o=,9a0mccP0uGyPhdA8HOd+EtGWzVs=
13,-16,JHT2LprXh00G4+7QlC5/iG36A9o=,9a0mccP0uGyPhdA8HOd+EtGWzVs=
12,-16,JHT2LprXh00G4+7QlC5/iG36A9o=,9a0mccP0uGyPhdA8HOd+EtGWzVs=
12,-9,JHT2LprXh00G4+7QlC5/iG36A9o=,KWRe+96lhRug+wNwe+SGF9b+oJA=
13,-9,JHT2LprXh00G4+7QlC5/iG36A9o=,KWRe+96lhRug+wNwe+SGF9b+oJA=
12,-11,JHT2LprXh00G4+7QlC5/iG36A9o=,KWRe+96lhRug+wNwe+SGF9b+oJA=
13,-11,JHT2LprXh00G4+7QlC5/iG36A9o=,KWRe+96lhRug+wNwe+SGF9b+oJA=
12,-14,JHT2LprXh00G4+7QlC5/iG36A9o=,9a0mccP0uGyPhdA8HOd+EtGWzVs=
13,-14,JHT2LprXh00G4+7QlC5/iG36A9o=,9a0mccP0uGyPhdA8HOd+EtGWzVs=
12,-10,JHT2LprXh00G4+7QlC5/iG36A9o=,KWRe+96lhRug+wNwe+SGF9b+oJA=
13,-10,JHT2LprXh00G4+7QlC5/iG36A9o=,KWRe+96lhRug+wNwe+SGF9b+oJA=
12,-12,JHT2LprXh00G4+7QlC5/iG36A9o=,KWRe+96lhRug+wNwe+SGF9b+oJA=
13,-12,JHT2LprXh00G4+7QlC5/iG36A9o=,KWRe+96lhRug+wNwe+SGF9b+oJA=
12,-13,JHT2LprXh00G4+7QlC5/iG36A9o=,9a0mccP0uGyPhdA8HOd+EtGWzVs=
13,-13,JHT2LprXh00G4+7QlC5/iG36A9o=,9a0mccP0uGyPhdA8HOd+EtGWzVs=
19,-11,CMSynllcuE27yTVl5n1aVqkq+Pw=,z/CnaXjDAbQQg23p5SXi+dkDoyY=
18,-11,CMSynllcuE27yTVl5n1aVqkq+Pw=,z/CnaXjDAbQQg23p5SXi+dkDoyY=
21,-12,CMSynllcuE27yTVl5n1aVqkq+Pw=,672UTb5OrprztuJMxf+h+vrya4c=
19,-12,CMSynllcuE27yTVl5n1aVqkq+Pw=,z/CnaXjDAbQQg23p5SXi+dkDoyY=
18,-12,CMSynllcuE27yTVl5n1aVqkq+Pw=,z/CnaXjDAbQQg23p5SXi+dkDoyY=
20,-12,CMSynllcuE27yTVl5n1aVqkq+Pw=,672UTb5OrprztuJMxf+h+vrya4c=
21,-14,CMSynllcuE27yTVl5n1aVqkq+Pw=,/xy7mI7/+BlrKjAzsCEkdLNurKA=
20,-13,CMSynllcuE27yTVl5n1aVqkq+Pw=,/xy7mI7/+BlrKjAzsCEkdLNurKA=
21,-13,CMSynllcuE27yTVl5n1aVqkq+Pw=,/xy7mI7/+BlrKjAzsCEkdLNurKA=
18,-14,CMSynllcuE27yTVl5n1aVqkq+Pw=,32NSrqugwiVEz1ZBS0vrhMK2eZM=
19,-14,CMSynllcuE27yTVl5n1aVqkq+Pw=,32NSrqugwiVEz1ZBS0vrhMK2eZM=
18,-13,CMSynllcuE27yTVl5n1aVqkq+Pw=,32NSrqugwiVEz1ZBS0vrhMK2eZM=
20,-11,CMSynllcuE27yTVl5n1aVqkq+Pw=,672UTb5OrprztuJMxf+h+vrya4c=
21,-11,CMSynllcuE27yTVl5n1aVqkq+Pw=,672UTb5OrprztuJMxf+h+vrya4c=
19,-13,CMSynllcuE27yTVl5n1aVqkq+Pw=,32NSrqugwiVEz1ZBS0vrhMK2eZM=
20,-14,CMSynllcuE27yTVl5n1aVqkq+Pw=,/xy7mI7/+BlrKjAzsCEkdLNurKA=
19,-7,W2VuFPLMBpPkKkK4WM+ui7HNpZQ=,oMlV+zKpomMYhJJyQrYexRL3kek=
21,-10,W2VuFPLMBpPkKkK4WM+ui7HNpZQ=,672UTb5OrprztuJMxf+h+vrya4c=
21,-8,Sww0rl8rl4tn53PFq8FjyjVC0B4=,QQ+5MO6DmfbICOWonZZWPvyjKGY=
20,-8,Sww0rl8rl4tn53PFq8FjyjVC0B4=,QQ+5MO6DmfbICOWonZZWPvyjKGY=
20,-10,W2VuFPLMBpPkKkK4WM+ui7HNpZQ=,672UTb5OrprztuJMxf+h+vrya4c=
21,-9,W2VuFPLMBpPkKkK4WM+ui7HNpZQ=,672UTb5OrprztuJMxf+h+vrya4c=
20,-9,W2VuFPLMBpPkKkK4WM+ui7HNpZQ=,672UTb5OrprztuJMxf+h+vrya4c=
21,-7,Sww0rl8rl4tn53PFq8FjyjVC0B4=,QQ+5MO6DmfbICOWonZZWPvyjKGY=
20,-7,Sww0rl8rl4tn53PFq8FjyjVC0B4=,QQ+5MO6DmfbICOWonZZWPvyjKGY=
19,-10,W2VuFPLMBpPkKkK4WM+ui7HNpZQ=,z/CnaXjDAbQQg23p5SXi+dkDoyY=
18,-10,W2VuFPLMBpPkKkK4WM+ui7HNpZQ=,z/CnaXjDAbQQg23p5SXi+dkDoyY=
19,-9,W2VuFPLMBpPkKkK4WM+ui7HNpZQ=,z/CnaXjDAbQQg23p5SXi+dkDoyY=
18,-9,W2VuFPLMBpPkKkK4WM+ui7HNpZQ=,z/CnaXjDAbQQg23p5SXi+dkDoyY=
18,-8,W2VuFPLMBpPkKkK4WM+ui7HNpZQ=,oMlV+zKpomMYhJJyQrYexRL3kek=
18,-7,W2VuFPLMBpPkKkK4WM+ui7HNpZQ=,oMlV+zKpomMYhJJyQrYexRL3kek=
19,-8,W2VuFPLMBpPkKkK4WM+ui7HNpZQ=,oMlV+zKpomMYhJJyQrYexRL3kek=
19,-3,YQNrvH47ZLRXqOrmXtYYvloS1WU=,o9u/zMng3FLnV+LRyatrLce/0Xc=
21,-6,G6VXXBZplfuS4916D55LQph++LQ=,QQ+5MO6DmfbICOWonZZWPvyjKGY=
20,-6,G6VXXBZplfuS4916D55LQph++LQ=,QQ+5MO6DmfbICOWonZZWPvyjKGY=
18,-3,YQNrvH47ZLRXqOrmXtYYvloS1WU=,o9u/zMng3FLnV+LRyatrLce/0Xc=
21,-5,G6VXXBZplfuS4916D55LQph++LQ=,QQ+5MO6DmfbICOWonZZWPvyjKGY=
19,-4,YQNrvH47ZLRXqOrmXtYYvloS1WU=,o9u/zMng3FLnV+LRyatrLce/0Xc=
20,-5,G6VXXBZplfuS4916D55LQph++LQ=,QQ+5MO6DmfbICOWonZZWPvyjKGY=
18,-4,YQNrvH47ZLRXqOrmXtYYvloS1WU=,o9u/zMng3FLnV+LRyatrLce/0Xc=
21,-3,YQNrvH47ZLRXqOrmXtYYvloS1WU=,lIr/I5XKU6ZMfTDd7+pZcCwF8DE=
20,-3,YQNrvH47ZLRXqOrmXtYYvloS1WU=,lIr/I5XKU6ZMfTDd7+pZcCwF8DE=
19,-5,MRshTS7Xkj2aJ0zVL/KDAAdJElc=,oMlV+zKpomMYhJJyQrYexRL3kek=
21,-4,YQNrvH47ZLRXqOrmXtYYvloS1WU=,lIr/I5XKU6ZMfTDd7+pZcCwF8DE=
18,-5,MRshTS7Xkj2aJ0zVL/KDAAdJElc=,oMlV+zKpomMYhJJyQrYexRL3kek=
20,-4,YQNrvH47ZLRXqOrmXtYYvloS1WU=,lIr/I5XKU6ZMfTDd7+pZcCwF8DE=
18,-6,MRshTS7Xkj2aJ0zVL/KDAAdJElc=,oMlV+zKpomMYhJJyQrYexRL3kek=
19,-6,MRshTS7Xkj2aJ0zVL/KDAAdJElc=,oMlV+zKpomMYhJJyQrYexRL3kek=
22,-3,SNM5ROZRnPLl6c69jRSEyqPjxX8=,lIr/I5XKU6ZMfTDd7+pZcCwF8DE=
27,-3,XMTbDUIEb7zQFObuURvnVvi+HGc=,J++5fiw6kX9cqZy1u2oqg8Mippw=
23,-3,SNM5ROZRnPLl6c69jRSEyqPjxX8=,lIr/I5XKU6ZMfTDd7+pZcCwF8DE=
26,-3,XMTbDUIEb7zQFObuURvnVvi+HGc=,J++5fiw6kX9cqZy1u2oqg8Mippw=
22,-4,SNM5ROZRnPLl6c69jRSEyqPjxX8=,lIr/I5XKU6ZMfTDd7+pZcCwF8DE=
23,-4,SNM5ROZRnPLl6c69jRSEyqPjxX8=,lIr/I5XKU6ZMfTDd7+pZcCwF8DE=
25,-3,SNM5ROZRnPLl6c69jRSEyqPjxX8=,J++5fiw6kX9cqZy1u2oqg8Mippw=
24,-3,SNM5ROZRnPLl6c69jRSEyqPjxX8=,J++5fiw6kX9cqZy1u2oqg8Mippw=
27,-4,XMTbDUIEb7zQFObuURvnVvi+HGc=,J++5fiw6kX9cqZy1u2oqg8Mippw=
27,-1,XMTbDUIEb7zQFObuURvnVvi+HGc=,J++5fiw6kX9cqZy1u2oqg8Mippw=
23,-5,Cnch/FhMhO+QrBOxcC1U2SDeN4A=,QQ+5MO6DmfbICOWonZZWPvyjKGY=
22,-1,SNM5ROZRnPLl6c69jRSEyqPjxX8=,lIr/I5XKU6ZMfTDd7+pZcCwF8DE=
23,-1,SNM5ROZRnPLl6c69jRSEyqPjxX8=,lIr/I5XKU6ZMfTDd7+pZcCwF8DE=
22,-5,Cnch/FhMhO+QrBOxcC1U2SDeN4A=,QQ+5MO6DmfbICOWonZZWPvyjKGY=
24,-2,SNM5ROZRnPLl6c69jRSEyqPjxX8=,J++5fiw6kX9cqZy1u2oqg8Mippw=
25,-2,SNM5ROZRnPLl6c69jRSEyqPjxX8=,J++5fiw6kX9cqZy1u2oqg8Mippw=
28,-4,dJgWmBuPz2N+OJzDxs9H6iAmqEI=,5RDU92mg9vKS+0c2TIrebLkT2ZI=
26,-1,XMTbDUIEb7zQFObuURvnVvi+HGc=,J++5fiw6kX9cqZy1u2oqg8Mippw=
26,-4,XMTbDUIEb7zQFObuURvnVvi+HGc=,J++5fiw6kX9cqZy1u2oqg8Mippw=
25,-4,SNM5ROZRnPLl6c69jRSEyqPjxX8=,J++5fiw6kX9cqZy1u2oqg8Mippw=
23,-6,Cnch/FhMhO+QrBOxcC1U2SDeN4A=,QQ+5MO6DmfbICOWonZZWPvyjKGY=
24,-4,SNM5ROZRnPLl6c69jRSEyqPjxX8=,J++5fiw6kX9cqZy1u2oqg8Mippw=
22,-6,Cnch/FhMhO+QrBOxcC1U2SDeN4A=,QQ+5MO6DmfbICOWonZZWPvyjKGY=
29,-1,ao0ZdlXVwPNCpBfPSQ5Iu91MJvo=,5RDU92mg9vKS+0c2TIrebLkT2ZI=
28,-1,ao0ZdlXVwPNCpBfPSQ5Iu91MJvo=,5RDU92mg9vKS+0c2TIrebLkT2ZI=
23,-2,SNM5ROZRnPLl6c69jRSEyqPjxX8=,lIr/I5XKU6ZMfTDd7+pZcCwF8DE=
26,-2,XMTbDUIEb7zQFObuURvnVvi+HGc=,J++5fiw6kX9cqZy1u2oqg8Mippw=
29,-4,dJgWmBuPz2N+OJzDxs9H6iAmqEI=,5RDU92mg9vKS+0c2TIrebLkT2ZI=
28,-3,dJgWmBuPz2N+OJzDxs9H6iAmqEI=,5RDU92mg9vKS+0c2TIrebLkT2ZI=
25,-1,SNM5ROZRnPLl6c69jRSEyqPjxX8=,J++5fiw6kX9cqZy1u2oqg8Mippw=
24,-1,SNM5ROZRnPLl6c69jRSEyqPjxX8=,J++5fiw6kX9cqZy1u2oqg8Mippw=
29,-2,ao0ZdlXVwPNCpBfPSQ5Iu91MJvo=,5RDU92mg9vKS+0c2TIrebLkT2ZI=
29,-3,dJgWmBuPz2N+OJzDxs9H6iAmqEI=,5RDU92mg9vKS+0c2TIrebLkT2ZI=
22,-2,SNM5ROZRnPLl6c69jRSEyqPjxX8=,lIr/I5XKU6ZMfTDd7+pZcCwF8DE=
28,-2,ao0ZdlXVwPNCpBfPSQ5Iu91MJvo=,5RDU92mg9vKS+0c2TIrebLkT2ZI=
27,-2,XMTbDUIEb7zQFObuURvnVvi+HGc=,J++5fiw6kX9cqZy1u2oqg8Mippw=
17,-11,i2NiW1bbchi9LEvAah+IgmbX+wk=,z/CnaXjDAbQQg23p5SXi+dkDoyY=
17,-13,i2NiW1bbchi9LEvAah+IgmbX+wk=,32NSrqugwiVEz1ZBS0vrhMK2eZM=
16,-11,i2NiW1bbchi9LEvAah+IgmbX+wk=,z/CnaXjDAbQQg23p5SXi+dkDoyY=
16,-13,i2NiW1bbchi9LEvAah+IgmbX+wk=,32NSrqugwiVEz1ZBS0vrhMK2eZM=
17,-12,i2NiW1bbchi9LEvAah+IgmbX+wk=,z/CnaXjDAbQQg23p5SXi+dkDoyY=
16,-12,i2NiW1bbchi9LEvAah+IgmbX+wk=,z/CnaXjDAbQQg23p5SXi+dkDoyY=
16,-14,i2NiW1bbchi9LEvAah+IgmbX+wk=,32NSrqugwiVEz1ZBS0vrhMK2eZM=
17,-14,i2NiW1bbchi9LEvAah+IgmbX+wk=,32NSrqugwiVEz1ZBS0vrhMK2eZM=
16,-15,i2NiW1bbchi9LEvAah+IgmbX+wk=,32NSrqugwiVEz1ZBS0vrhMK2eZM=
17,-15,i2NiW1bbchi9LEvAah+IgmbX+wk=,32NSrqugwiVEz1ZBS0vrhMK2eZM=
16,-16,i2NiW1bbchi9LEvAah+IgmbX+wk=,32NSrqugwiVEz1ZBS0vrhMK2eZM=
17,-16,i2NiW1bbchi9LEvAah+IgmbX+wk=,32NSrqugwiVEz1ZBS0vrhMK2eZM=
18,-15,i2NiW1bbchi9LEvAah+IgmbX+wk=,32NSrqugwiVEz1ZBS0vrhMK2eZM=
19,-15,i2NiW1bbchi9LEvAah+IgmbX+wk=,32NSrqugwiVEz1ZBS0vrhMK2eZM=
20,-15,i2NiW1bbchi9LEvAah+IgmbX+wk=,/xy7mI7/+BlrKjAzsCEkdLNurKA=
21,-15,i2NiW1bbchi9LEvAah+IgmbX+wk=,/xy7mI7/+BlrKjAzsCEkdLNurKA=
20,-16,i2NiW1bbchi9LEvAah+IgmbX+wk=,/xy7mI7/+BlrKjAzsCEkdLNurKA=
21,-16,i2NiW1bbchi9LEvAah+IgmbX+wk=,/xy7mI7/+BlrKjAzsCEkdLNurKA=
18,-16,i2NiW1bbchi9LEvAah+IgmbX+wk=,32NSrqugwiVEz1ZBS0vrhMK2eZM=
19,-16,i2NiW1bbchi9LEvAah+IgmbX+wk=,32NSrqugwiVEz1ZBS0vrhMK2eZM=
22,-13,i2NiW1bbchi9LEvAah+IgmbX+wk=,/xy7mI7/+BlrKjAzsCEkdLNurKA=
23,-13,i2NiW1bbchi9LEvAah+IgmbX+wk=,/xy7mI7/+BlrKjAzsCEkdLNurKA=
22,-9,i2NiW1bbchi9LEvAah+IgmbX+wk=,672UTb5OrprztuJMxf+h+vrya4c=
23,-9,i2NiW1bbchi9LEvAah+IgmbX+wk=,672UTb5OrprztuJMxf+h+vrya4c=
22,-7,uQLozqRB8MQvPL3LQ6QfrfTcwfk=,QQ+5MO6DmfbICOWonZZWPvyjKGY=
23,-7,uQLozqRB8MQvPL3LQ6QfrfTcwfk=,QQ+5MO6DmfbICOWonZZWPvyjKGY=
22,-11,i2NiW1bbchi9LEvAah+IgmbX+wk=,672UTb5OrprztuJMxf+h+vrya4c=
23,-11,i2NiW1bbchi9LEvAah+IgmbX+wk=,672UTb5OrprztuJMxf+h+vrya4c=
22,-10,i2NiW1bbchi9LEvAah+IgmbX+wk=,672UTb5OrprztuJMxf+h+vrya4c=
23,-10,i2NiW1bbchi9LEvAah+IgmbX+wk=,672UTb5OrprztuJMxf+h+vrya4c=
22,-8,uQLozqRB8MQvPL3LQ6QfrfTcwfk=,QQ+5MO6DmfbICOWonZZWPvyjKGY=
23,-14,i2NiW1bbchi9LEvAah+IgmbX+wk=,/xy7mI7/+BlrKjAzsCEkdLNurKA=
22,-14,i2NiW1bbchi9LEvAah+IgmbX+wk=,/xy7mI7/+BlrKjAzsCEkdLNurKA=
23,-12,i2NiW1bbchi9LEvAah+IgmbX+wk=,672UTb5OrprztuJMxf+h+vrya4c=
22,-12,i2NiW1bbchi9LEvAah+IgmbX+wk=,672UTb5OrprztuJMxf+h+vrya4c=
23,-8,uQLozqRB8MQvPL3LQ6QfrfTcwfk=,QQ+5MO6DmfbICOWonZZWPvyjKGY=
30,-2,KEcDQy4lpvV9CwdeKCEfpdjHkQo=,5RDU92mg9vKS+0c2TIrebLkT2ZI=
31,-2,KEcDQy4lpvV9CwdeKCEfpdjHkQo=,5RDU92mg9vKS+0c2TIrebLkT2ZI=
30,-1,KEcDQy4lpvV9CwdeKCEfpdjHkQo=,5RDU92mg9vKS+0c2TIrebLkT2ZI=
31,-1,KEcDQy4lpvV9CwdeKCEfpdjHkQo=,5RDU92mg9vKS+0c2TIrebLkT2ZI=
22,-15,i2NiW1bbchi9LEvAah+IgmbX+wk=,/xy7mI7/+BlrKjAzsCEkdLNurKA=
23,-15,i2NiW1bbchi9LEvAah+IgmbX+wk=,/xy7mI7/+BlrKjAzsCEkdLNurKA=
22,-16,i2NiW1bbchi9LEvAah+IgmbX+wk=,/xy7mI7/+BlrKjAzsCEkdLNurKA=
23,-16,i2NiW1bbchi9LEvAah+IgmbX+wk=,/xy7mI7/+BlrKjAzsCEkdLNurKA=
30,-4,dJgWmBuPz2N+OJzDxs9H6iAmqEI=,5RDU92mg9vKS+0c2TIrebLkT2ZI=
31,-4,dJgWmBuPz2N+OJzDxs9H6iAmqEI=,5RDU92mg9vKS+0c2TIrebLkT2ZI=
30,-3,dJgWmBuPz2N+OJzDxs9H6iAmqEI=,5RDU92mg9vKS+0c2TIrebLkT2ZI=
31,-3,dJgWmBuPz2N+OJzDxs9H6iAmqEI=,5RDU92mg9vKS+0c2TIrebLkT2ZI=
17,-3,YQNrvH47ZLRXqOrmXtYYvloS1WU=,o9u/zMng3FLnV+LRyatrLce/0Xc=
16,-3,YQNrvH47ZLRXqOrmXtYYvloS1WU=,o9u/zMng3FLnV+LRyatrLce/0Xc=
16,-10,i2NiW1bbchi9LEvAah+IgmbX+wk=,z/CnaXjDAbQQg23p5SXi+dkDoyY=
17,-4,YQNrvH47ZLRXqOrmXtYYvloS1WU=,o9u/zMng3FLnV+LRyatrLce/0Xc=
16,-4,YQNrvH47ZLRXqOrmXtYYvloS1WU=,o9u/zMng3FLnV+LRyatrLce/0Xc=
17,-5,i2NiW1bbchi9LEvAah+IgmbX+wk=,oMlV+zKpomMYhJJyQrYexRL3kek=
17,-10,i2NiW1bbchi9LEvAah+IgmbX+wk=,z/CnaXjDAbQQg23p5SXi+dkDoyY=
16,-9,i2NiW1bbchi9LEvAah+IgmbX+wk=,z/CnaXjDAbQQg23p5SXi+dkDoyY=
16,-5,i2NiW1bbchi9LEvAah+IgmbX+wk=,oMlV+zKpomMYhJJyQrYexRL3kek=
17,-9,i2NiW1bbchi9LEvAah+IgmbX+wk=,z/CnaXjDAbQQg23p5SXi+dkDoyY=
16,-8,i2NiW1bbchi9LEvAah+IgmbX+wk=,oMlV+zKpomMYhJJyQrYexRL3kek=
16,-7,i2NiW1bbchi9LEvAah+IgmbX+wk=,oMlV+zKpomMYhJJyQrYexRL3kek=
17,-8,i2NiW1bbchi9LEvAah+IgmbX+wk=,oMlV+zKpomMYhJJyQrYexRL3kek=
17,-7,i2NiW1bbchi9LEvAah+IgmbX+wk=,oMlV+zKpomMYhJJyQrYexRL3kek=
17,-6,i2NiW1bbchi9LEvAah+IgmbX+wk=,oMlV+zKpomMYhJJyQrYexRL3kek=
16,-6,i2NiW1bbchi9LEvAah+IgmbX+wk=,oMlV+zKpomMYhJJyQrYexRL3kek=
21,-2,YQNrvH47ZLRXqOrmXtYYvloS1WU=,lIr/I5XKU6ZMfTDd7+pZcCwF8DE=
20,-2,YQNrvH47ZLRXqOrmXtYYvloS1WU=,lIr/I5XKU6ZMfTDd7+pZcCwF8DE=
20,-1,YQNrvH47ZLRXqOrmXtYYvloS1WU=,lIr/I5XKU6ZMfTDd7+pZcCwF8DE=
21,-1,YQNrvH47ZLRXqOrmXtYYvloS1WU=,lIr/I5XKU6ZMfTDd7+pZcCwF8DE=
16,-2,YQNrvH47ZLRXqOrmXtYYvloS1WU=,o9u/zMng3FLnV+LRyatrLce/0Xc=
19,-1,YQNrvH47ZLRXqOrmXtYYvloS1WU=,o9u/zMng3FLnV+LRyatrLce/0Xc=
17,-2,YQNrvH47ZLRXqOrmXtYYvloS1WU=,o9u/zMng3FLnV+LRyatrLce/0Xc=
18,-1,YQNrvH47ZLRXqOrmXtYYvloS1WU=,o9u/zMng3FLnV+LRyatrLce/0Xc=
19,-2,YQNrvH47ZLRXqOrmXtYYvloS1WU=,o9u/zMng3FLnV+LRyatrLce/0Xc=
18,-2,YQNrvH47ZLRXqOrmXtYYvloS1WU=,o9u/zMng3FLnV+LRyatrLce/0Xc=
16,-1,YQNrvH47ZLRXqOrmXtYYvloS1WU=,o9u/zMng3FLnV+LRyatrLce/0Xc=
17,-1,YQNrvH47ZLRXqOrmXtYYvloS1WU=,o9u/zMng3FLnV+LRyatrLce/0Xc=
26,-6,Cnch/FhMhO+QrBOxcC1U2SDeN4A=,E00bUWwcje1ppYwmHn5vwgzGA38=
27,-6,Cnch/FhMhO+QrBOxcC1U2SDeN4A=,E00bUWwcje1ppYwmHn5vwgzGA38=
28,-6,q/V6chRouyUrLfWwATK+/qc0ENI=,GwuHecLUaYR0NsZc5RoY4CiXoH8=
29,-6,q/V6chRouyUrLfWwATK+/qc0ENI=,GwuHecLUaYR0NsZc5RoY4CiXoH8=
27,-5,Cnch/FhMhO+QrBOxcC1U2SDeN4A=,E00bUWwcje1ppYwmHn5vwgzGA38=
26,-5,Cnch/FhMhO+QrBOxcC1U2SDeN4A=,E00bUWwcje1ppYwmHn5vwgzGA38=
28,-5,q/V6chRouyUrLfWwATK+/qc0ENI=,GwuHecLUaYR0NsZc5RoY4CiXoH8=
29,-5,q/V6chRouyUrLfWwATK+/qc0ENI=,GwuHecLUaYR0NsZc5RoY4CiXoH8=
24,-5,Cnch/FhMhO+QrBOxcC1U2SDeN4A=,E00bUWwcje1ppYwmHn5vwgzGA38=
25,-5,Cnch/FhMhO+QrBOxcC1U2SDeN4A=,E00bUWwcje1ppYwmHn5vwgzGA38=
25,-6,HLUXXTGJ/U7XaS/ECbU1bEdKKMU=,E00bUWwcje1ppYwmHn5vwgzGA38=
24,-6,HLUXXTGJ/U7XaS/ECbU1bEdKKMU=,E00bUWwcje1ppYwmHn5vwgzGA38=
24,-8,uQLozqRB8MQvPL3LQ6QfrfTcwfk=,E00bUWwcje1ppYwmHn5vwgzGA38=
25,-8,uQLozqRB8MQvPL3LQ6QfrfTcwfk=,E00bUWwcje1ppYwmHn5vwgzGA38=
24,-7,uQLozqRB8MQvPL3LQ6QfrfTcwfk=,E00bUWwcje1ppYwmHn5vwgzGA38=
25,-7,uQLozqRB8MQvPL3LQ6QfrfTcwfk=,E00bUWwcje1ppYwmHn5vwgzGA38=
30,-6,zoURlik/aQMBL+xAxg/smvj82HY=,GwuHecLUaYR0NsZc5RoY4CiXoH8=
31,-6,zoURlik/aQMBL+xAxg/smvj82HY=,GwuHecLUaYR0NsZc5RoY4CiXoH8=
31,-5,zoURlik/aQMBL+xAxg/smvj82HY=,GwuHecLUaYR0NsZc5RoY4CiXoH8=
30,-5,zoURlik/aQMBL+xAxg/smvj82HY=,GwuHecLUaYR0NsZc5RoY4CiXoH8=
26,-8,fnX58czpVC4BqIahF66pQv2vvFw=,E00bUWwcje1ppYwmHn5vwgzGA38=
27,-8,fnX58czpVC4BqIahF66pQv2vvFw=,E00bUWwcje1ppYwmHn5vwgzGA38=
28,-8,zoURlik/aQMBL+xAxg/smvj82HY=,GwuHecLUaYR0NsZc5RoY4CiXoH8=
29,-8,zoURlik/aQMBL+xAxg/smvj82HY=,GwuHecLUaYR0NsZc5RoY4CiXoH8=
28,-7,zoURlik/aQMBL+xAxg/smvj82HY=,GwuHecLUaYR0NsZc5RoY4CiXoH8=
29,-7,zoURlik/aQMBL+xAxg/smvj82HY=,GwuHecLUaYR0NsZc5RoY4CiXoH8=
26,-7,fnX58czpVC4BqIahF66pQv2vvFw=,E00bUWwcje1ppYwmHn5vwgzGA38=
27,-7,fnX58czpVC4BqIahF66pQv2vvFw=,E00bUWwcje1ppYwmHn5vwgzGA38=
30,-8,zoURlik/aQMBL+xAxg/smvj82HY=,GwuHecLUaYR0NsZc5RoY4CiXoH8=
31,-7,zoURlik/aQMBL+xAxg/smvj82HY=,GwuHecLUaYR0NsZc5RoY4CiXoH8=
30,-7,zoURlik/aQMBL+xAxg/smvj82HY=,GwuHecLUaYR0NsZc5RoY4CiXoH8=
31,-8,zoURlik/aQMBL+xAxg/smvj82HY=,GwuHecLUaYR0NsZc5RoY4CiXoH8=
