11,12,vSQLlHoRuTCtu0Cw1q40OqNt9Ww=,oBAFxmd2Iq3Jcc5+Z6cirOHfCvo=
12,12,vSQLlHoRuTCtu0Cw1q40OqNt9Ww=,oBAFxmd2Iq3Jcc5+Z6cirOHfCvo=
11,11,vSQLlHoRuTCtu0Cw1q40OqNt9Ww=,oBAFxmd2Iq3Jcc5+Z6cirOHfCvo=
12,11,vSQLlHoRuTCtu0Cw1q40OqNt9Ww=,oBAFxmd2Iq3Jcc5+Z6cirOHfCvo=
4,12,dsKGSEQIMjVf4oy2ThpIWNyjw3g=,l3EVPT7ySafrxmkdx0GqyP1kwmg=
5,12,a+LbrC+UWMoY1amFvkTsDhqkz3c=,l3EVPT7ySafrxmkdx0GqyP1kwmg=
6,12,a+LbrC+UWMoY1amFvkTsDhqkz3c=,l3EVPT7ySafrxmkdx0GqyP1kwmg=
7,12,a+LbrC+UWMoY1amFvkTsDhqkz3c=,l3EVPT7ySafrxmkdx0GqyP1kwmg=
8,12,vSQLlHoRuTCtu0Cw1q40OqNt9Ww=,oBAFxmd2Iq3Jcc5+Z6cirOHfCvo=
9,12,vSQLlHoRuTCtu0Cw1q40OqNt9Ww=,oBAFxmd2Iq3Jcc5+Z6cirOHfCvo=
10,12,vSQLlHoRuTCtu0Cw1q40OqNt9Ww=,oBAFxmd2Iq3Jcc5+Z6cirOHfCvo=
4,11,dsKGSEQIMjVf4oy2ThpIWNyjw3g=,l3EVPT7ySafrxmkdx0GqyP1kwmg=
5,11,a+LbrC+UWMoY1amFvkTsDhqkz3c=,l3EVPT7ySafrxmkdx0GqyP1kwmg=
6,11,a+LbrC+UWMoY1amFvkTsDhqkz3c=,l3EVPT7ySafrxmkdx0GqyP1kwmg=
7,11,a+LbrC+UWMoY1amFvkTsDhqkz3c=,l3EVPT7ySafrxmkdx0GqyP1kwmg=
8,11,vSQLlHoRuTCtu0Cw1q40OqNt9Ww=,oBAFxmd2Iq3Jcc5+Z6cirOHfCvo=
9,11,vSQLlHoRuTCtu0Cw1q40OqNt9Ww=,oBAFxmd2Iq3Jcc5+Z6cirOHfCvo=
3,12,dsKGSEQIMjVf4oy2ThpIWNyjw3g=,l3EVPT7ySafrxmkdx0GqyP1kwmg=
10,11,vSQLlHoRuTCtu0Cw1q40OqNt9Ww=,oBAFxmd2Iq3Jcc5+Z6cirOHfCvo=
3,11,dsKGSEQIMjVf4oy2ThpIWNyjw3g=,l3EVPT7ySafrxmkdx0GqyP1kwmg=
0,11,qXd2mplLuggQ22WHnb9dpjKLR94=,l3EVPT7ySafrxmkdx0GqyP1kwmg=
1,11,qXd2mplLuggQ22WHnb9dpjKLR94=,l3EVPT7ySafrxmkdx0GqyP1kwmg=
0,12,qXd2mplLuggQ22WHnb9dpjKLR94=,l3EVPT7ySafrxmkdx0GqyP1kwmg=
1,12,qXd2mplLuggQ22WHnb9dpjKLR94=,l3EVPT7ySafrxmkdx0GqyP1kwmg=
2,11,qXd2mplLuggQ22WHnb9dpjKLR94=,l3EVPT7ySafrxmkdx0GqyP1kwmg=
2,12,qXd2mplLuggQ22WHnb9dpjKLR94=,l3EVPT7ySafrxmkdx0GqyP1kwmg=
11,4,CCWh/9PrYavcNgvAiLFdtL/Pf6w=,xRM0Q9Ic1ZDx1V0l3dqfvB2uNOk=
11,8,CCWh/9PrYavcNgvAiLFdtL/Pf6w=,oBAFxmd2Iq3Jcc5+Z6cirOHfCvo=
12,8,CCWh/9PrYavcNgvAiLFdtL/Pf6w=,oBAFxmd2Iq3Jcc5+Z6cirOHfCvo=
12,4,CCWh/9PrYavcNgvAiLFdtL/Pf6w=,xRM0Q9Ic1ZDx1V0l3dqfvB2uNOk=
12,7,CCWh/9PrYavcNgvAiLFdtL/Pf6w=,xRM0Q9Ic1ZDx1V0l3dqfvB2uNOk=
13,4,CCWh/9PrYavcNgvAiLFdtL/Pf6w=,xRM0Q9Ic1ZDx1V0l3dqfvB2uNOk=
14,4,CCWh/9PrYavcNgvAiLFdtL/Pf6w=,xRM0Q9Ic1ZDx1V0l3dqfvB2uNOk=
15,4,CCWh/9PrYavcNgvAiLFdtL/Pf6w=,xRM0Q9Ic1ZDx1V0l3dqfvB2uNOk=
11,10,CCWh/9PrYavcNgvAiLFdtL/Pf6w=,oBAFxmd2Iq3Jcc5+Z6cirOHfCvo=
11,6,CCWh/9PrYavcNgvAiLFdtL/Pf6w=,xRM0Q9Ic1ZDx1V0l3dqfvB2uNOk=
12,10,CCWh/9PrYavcNgvAiLFdtL/Pf6w=,oBAFxmd2Iq3Jcc5+Z6cirOHfCvo=
11,3,CCWh/9PrYavcNgvAiLFdtL/Pf6w=,xRM0Q9Ic1ZDx1V0l3dqfvB2uNOk=
12,3,CCWh/9PrYavcNgvAiLFdtL/Pf6w=,xRM0Q9Ic1ZDx1V0l3dqfvB2uNOk=
13,3,CCWh/9PrYavcNgvAiLFdtL/Pf6w=,xRM0Q9Ic1ZDx1V0l3dqfvB2uNOk=
11,5,CCWh/9PrYavcNgvAiLFdtL/Pf6w=,xRM0Q9Ic1ZDx1V0l3dqfvB2uNOk=
14,3,CCWh/9PrYavcNgvAiLFdtL/Pf6w=,xRM0Q9Ic1ZDx1V0l3dqfvB2uNOk=
15,3,CCWh/9PrYavcNgvAiLFdtL/Pf6w=,xRM0Q9Ic1ZDx1V0l3dqfvB2uNOk=
12,6,CCWh/9PrYavcNgvAiLFdtL/Pf6w=,xRM0Q9Ic1ZDx1V0l3dqfvB2uNOk=
11,9,CCWh/9PrYavcNgvAiLFdtL/Pf6w=,oBAFxmd2Iq3Jcc5+Z6cirOHfCvo=
12,9,CCWh/9PrYavcNgvAiLFdtL/Pf6w=,oBAFxmd2Iq3Jcc5+Z6cirOHfCvo=
11,7,CCWh/9PrYavcNgvAiLFdtL/Pf6w=,xRM0Q9Ic1ZDx1V0l3dqfvB2uNOk=
12,5,CCWh/9PrYavcNgvAiLFdtL/Pf6w=,xRM0Q9Ic1ZDx1V0l3dqfvB2uNOk=
13,8,CCWh/9PrYavcNgvAiLFdtL/Pf6w=,oBAFxmd2Iq3Jcc5+Z6cirOHfCvo=
14,8,CCWh/9PrYavcNgvAiLFdtL/Pf6w=,oBAFxmd2Iq3Jcc5+Z6cirOHfCvo=
15,8,CCWh/9PrYavcNgvAiLFdtL/Pf6w=,oBAFxmd2Iq3Jcc5+Z6cirOHfCvo=
13,10,CCWh/9PrYavcNgvAiLFdtL/Pf6w=,oBAFxmd2Iq3Jcc5+Z6cirOHfCvo=
13,12,c/gdwKncreHgwP5U5FoKyBQeZ0E=,oBAFxmd2Iq3Jcc5+Z6cirOHfCvo=
14,10,CCWh/9PrYavcNgvAiLFdtL/Pf6w=,oBAFxmd2Iq3Jcc5+Z6cirOHfCvo=
15,10,CCWh/9PrYavcNgvAiLFdtL/Pf6w=,oBAFxmd2Iq3Jcc5+Z6cirOHfCvo=
13,6,CCWh/9PrYavcNgvAiLFdtL/Pf6w=,xRM0Q9Ic1ZDx1V0l3dqfvB2uNOk=
14,12,c/gdwKncreHgwP5U5FoKyBQeZ0E=,oBAFxmd2Iq3Jcc5+Z6cirOHfCvo=
14,6,CCWh/9PrYavcNgvAiLFdtL/Pf6w=,xRM0Q9Ic1ZDx1V0l3dqfvB2uNOk=
15,12,c/gdwKncreHgwP5U5FoKyBQeZ0E=,oBAFxmd2Iq3Jcc5+Z6cirOHfCvo=
15,6,CCWh/9PrYavcNgvAiLFdtL/Pf6w=,xRM0Q9Ic1ZDx1V0l3dqfvB2uNOk=
13,9,CCWh/9PrYavcNgvAiLFdtL/Pf6w=,oBAFxmd2Iq3Jcc5+Z6cirOHfCvo=
13,5,CCWh/9PrYavcNgvAiLFdtL/Pf6w=,xRM0Q9Ic1ZDx1V0l3dqfvB2uNOk=
13,11,c/gdwKncreHgwP5U5FoKyBQeZ0E=,oBAFxmd2Iq3Jcc5+Z6cirOHfCvo=
14,9,CCWh/9PrYavcNgvAiLFdtL/Pf6w=,oBAFxmd2Iq3Jcc5+Z6cirOHfCvo=
13,7,CCWh/9PrYavcNgvAiLFdtL/Pf6w=,xRM0Q9Ic1ZDx1V0l3dqfvB2uNOk=
14,11,c/gdwKncreHgwP5U5FoKyBQeZ0E=,oBAFxmd2Iq3Jcc5+Z6cirOHfCvo=
15,9,CCWh/9PrYavcNgvAiLFdtL/Pf6w=,oBAFxmd2Iq3Jcc5+Z6cirOHfCvo=
14,7,CCWh/9PrYavcNgvAiLFdtL/Pf6w=,xRM0Q9Ic1ZDx1V0l3dqfvB2uNOk=
15,7,CCWh/9PrYavcNgvAiLFdtL/Pf6w=,xRM0Q9Ic1ZDx1V0l3dqfvB2uNOk=
15,11,c/gdwKncreHgwP5U5FoKyBQeZ0E=,oBAFxmd2Iq3Jcc5+Z6cirOHfCvo=
14,5,CCWh/9PrYavcNgvAiLFdtL/Pf6w=,xRM0Q9Ic1ZDx1V0l3dqfvB2uNOk=
15,5,CCWh/9PrYavcNgvAiLFdtL/Pf6w=,xRM0Q9Ic1ZDx1V0l3dqfvB2uNOk=
11,14,IPxizHg9Dv9AjlwoS4BHQc34UcU=,oBAFxmd2Iq3Jcc5+Z6cirOHfCvo=
12,14,IPxizHg9Dv9AjlwoS4BHQc34UcU=,oBAFxmd2Iq3Jcc5+Z6cirOHfCvo=
11,15,IPxizHg9Dv9AjlwoS4BHQc34UcU=,oBAFxmd2Iq3Jcc5+Z6cirOHfCvo=
11,13,IPxizHg9Dv9AjlwoS4BHQc34UcU=,oBAFxmd2Iq3Jcc5+Z6cirOHfCvo=
12,15,IPxizHg9Dv9AjlwoS4BHQc34UcU=,oBAFxmd2Iq3Jcc5+Z6cirOHfCvo=
12,13,IPxizHg9Dv9AjlwoS4BHQc34UcU=,oBAFxmd2Iq3Jcc5+Z6cirOHfCvo=
11,2,CCWh/9PrYavcNgvAiLFdtL/Pf6w=,xRM0Q9Ic1ZDx1V0l3dqfvB2uNOk=
12,2,CCWh/9PrYavcNgvAiLFdtL/Pf6w=,xRM0Q9Ic1ZDx1V0l3dqfvB2uNOk=
11,0,CCWh/9PrYavcNgvAiLFdtL/Pf6w=,xRM0Q9Ic1ZDx1V0l3dqfvB2uNOk=
12,0,CCWh/9PrYavcNgvAiLFdtL/Pf6w=,xRM0Q9Ic1ZDx1V0l3dqfvB2uNOk=
11,1,CCWh/9PrYavcNgvAiLFdtL/Pf6w=,xRM0Q9Ic1ZDx1V0l3dqfvB2uNOk=
12,1,CCWh/9PrYavcNgvAiLFdtL/Pf6w=,xRM0Q9Ic1ZDx1V0l3dqfvB2uNOk=
13,14,IPxizHg9Dv9AjlwoS4BHQc34UcU=,oBAFxmd2Iq3Jcc5+Z6cirOHfCvo=
14,14,IPxizHg9Dv9AjlwoS4BHQc34UcU=,oBAFxmd2Iq3Jcc5+Z6cirOHfCvo=
15,14,IPxizHg9Dv9AjlwoS4BHQc34UcU=,oBAFxmd2Iq3Jcc5+Z6cirOHfCvo=
13,15,IPxizHg9Dv9AjlwoS4BHQc34UcU=,oBAFxmd2Iq3Jcc5+Z6cirOHfCvo=
13,13,IPxizHg9Dv9AjlwoS4BHQc34UcU=,oBAFxmd2Iq3Jcc5+Z6cirOHfCvo=
14,15,IPxizHg9Dv9AjlwoS4BHQc34UcU=,oBAFxmd2Iq3Jcc5+Z6cirOHfCvo=
15,15,IPxizHg9Dv9AjlwoS4BHQc34UcU=,oBAFxmd2Iq3Jcc5+Z6cirOHfCvo=
14,13,IPxizHg9Dv9AjlwoS4BHQc34UcU=,oBAFxmd2Iq3Jcc5+Z6cirOHfCvo=
15,13,IPxizHg9Dv9AjlwoS4BHQc34UcU=,oBAFxmd2Iq3Jcc5+Z6cirOHfCvo=
0,14,fDgYGZK45fwRyY+q+SOyP3mvBNk=,l3EVPT7ySafrxmkdx0GqyP1kwmg=
1,14,fDgYGZK45fwRyY+q+SOyP3mvBNk=,l3EVPT7ySafrxmkdx0GqyP1kwmg=
2,14,fDgYGZK45fwRyY+q+SOyP3mvBNk=,l3EVPT7ySafrxmkdx0GqyP1kwmg=
3,14,fDgYGZK45fwRyY+q+SOyP3mvBNk=,l3EVPT7ySafrxmkdx0GqyP1kwmg=
4,14,fDgYGZK45fwRyY+q+SOyP3mvBNk=,l3EVPT7ySafrxmkdx0GqyP1kwmg=
5,14,fDgYGZK45fwRyY+q+SOyP3mvBNk=,l3EVPT7ySafrxmkdx0GqyP1kwmg=
8,14,IPxizHg9Dv9AjlwoS4BHQc34UcU=,oBAFxmd2Iq3Jcc5+Z6cirOHfCvo=
9,14,IPxizHg9Dv9AjlwoS4BHQc34UcU=,oBAFxmd2Iq3Jcc5+Z6cirOHfCvo=
10,14,IPxizHg9Dv9AjlwoS4BHQc34UcU=,oBAFxmd2Iq3Jcc5+Z6cirOHfCvo=
0,13,fDgYGZK45fwRyY+q+SOyP3mvBNk=,l3EVPT7ySafrxmkdx0GqyP1kwmg=
1,13,fDgYGZK45fwRyY+q+SOyP3mvBNk=,l3EVPT7ySafrxmkdx0GqyP1kwmg=
6,14,fDgYGZK45fwRyY+q+SOyP3mvBNk=,l3EVPT7ySafrxmkdx0GqyP1kwmg=
7,14,fDgYGZK45fwRyY+q+SOyP3mvBNk=,l3EVPT7ySafrxmkdx0GqyP1kwmg=
8,15,IPxizHg9Dv9AjlwoS4BHQc34UcU=,oBAFxmd2Iq3Jcc5+Z6cirOHfCvo=
9,15,IPxizHg9Dv9AjlwoS4BHQc34UcU=,oBAFxmd2Iq3Jcc5+Z6cirOHfCvo=
10,15,IPxizHg9Dv9AjlwoS4BHQc34UcU=,oBAFxmd2Iq3Jcc5+Z6cirOHfCvo=
0,15,fDgYGZK45fwRyY+q+SOyP3mvBNk=,l3EVPT7ySafrxmkdx0GqyP1kwmg=
1,15,fDgYGZK45fwRyY+q+SOyP3mvBNk=,l3EVPT7ySafrxmkdx0GqyP1kwmg=
2,13,fDgYGZK45fwRyY+q+SOyP3mvBNk=,l3EVPT7ySafrxmkdx0GqyP1kwmg=
3,13,fDgYGZK45fwRyY+q+SOyP3mvBNk=,l3EVPT7ySafrxmkdx0GqyP1kwmg=
4,13,fDgYGZK45fwRyY+q+SOyP3mvBNk=,l3EVPT7ySafrxmkdx0GqyP1kwmg=
5,13,fDgYGZK45fwRyY+q+SOyP3mvBNk=,l3EVPT7ySafrxmkdx0GqyP1kwmg=
2,15,fDgYGZK45fwRyY+q+SOyP3mvBNk=,l3EVPT7ySafrxmkdx0GqyP1kwmg=
3,15,fDgYGZK45fwRyY+q+SOyP3mvBNk=,l3EVPT7ySafrxmkdx0GqyP1kwmg=
8,13,IPxizHg9Dv9AjlwoS4BHQc34UcU=,oBAFxmd2Iq3Jcc5+Z6cirOHfCvo=
9,13,IPxizHg9Dv9AjlwoS4BHQc34UcU=,oBAFxmd2Iq3Jcc5+Z6cirOHfCvo=
10,13,IPxizHg9Dv9AjlwoS4BHQc34UcU=,oBAFxmd2Iq3Jcc5+Z6cirOHfCvo=
6,13,fDgYGZK45fwRyY+q+SOyP3mvBNk=,l3EVPT7ySafrxmkdx0GqyP1kwmg=
7,13,fDgYGZK45fwRyY+q+SOyP3mvBNk=,l3EVPT7ySafrxmkdx0GqyP1kwmg=
4,15,fDgYGZK45fwRyY+q+SOyP3mvBNk=,l3EVPT7ySafrxmkdx0GqyP1kwmg=
5,15,fDgYGZK45fwRyY+q+SOyP3mvBNk=,l3EVPT7ySafrxmkdx0GqyP1kwmg=
6,15,fDgYGZK45fwRyY+q+SOyP3mvBNk=,l3EVPT7ySafrxmkdx0GqyP1kwmg=
7,15,fDgYGZK45fwRyY+q+SOyP3mvBNk=,l3EVPT7ySafrxmkdx0GqyP1kwmg=
0,1,KPt4EZgbodYkbUca2Gfu2jl4Ad8=,glMyc5ekUyLhVokXrvIsw1yIjtk=
1,1,KPt4EZgbodYkbUca2Gfu2jl4Ad8=,glMyc5ekUyLhVokXrvIsw1yIjtk=
8,8,CCWh/9PrYavcNgvAiLFdtL/Pf6w=,oBAFxmd2Iq3Jcc5+Z6cirOHfCvo=
9,8,CCWh/9PrYavcNgvAiLFdtL/Pf6w=,oBAFxmd2Iq3Jcc5+Z6cirOHfCvo=
3,7,KPt4EZgbodYkbUca2Gfu2jl4Ad8=,glMyc5ekUyLhVokXrvIsw1yIjtk=
8,4,CCWh/9PrYavcNgvAiLFdtL/Pf6w=,xRM0Q9Ic1ZDx1V0l3dqfvB2uNOk=
9,4,CCWh/9PrYavcNgvAiLFdtL/Pf6w=,xRM0Q9Ic1ZDx1V0l3dqfvB2uNOk=
10,4,CCWh/9PrYavcNgvAiLFdtL/Pf6w=,xRM0Q9Ic1ZDx1V0l3dqfvB2uNOk=
4,9,Vj+nM97IPUIM6uAH93hxUWWTQ3U=,l3EVPT7ySafrxmkdx0GqyP1kwmg=
5,9,Vj+nM97IPUIM6uAH93hxUWWTQ3U=,l3EVPT7ySafrxmkdx0GqyP1kwmg=
4,4,KPt4EZgbodYkbUca2Gfu2jl4Ad8=,glMyc5ekUyLhVokXrvIsw1yIjtk=
3,9,Vj+nM97IPUIM6uAH93hxUWWTQ3U=,l3EVPT7ySafrxmkdx0GqyP1kwmg=
2,7,KPt4EZgbodYkbUca2Gfu2jl4Ad8=,glMyc5ekUyLhVokXrvIsw1yIjtk=
5,4,KPt4EZgbodYkbUca2Gfu2jl4Ad8=,glMyc5ekUyLhVokXrvIsw1yIjtk=
10,8,CCWh/9PrYavcNgvAiLFdtL/Pf6w=,oBAFxmd2Iq3Jcc5+Z6cirOHfCvo=
2,1,KPt4EZgbodYkbUca2Gfu2jl4Ad8=,glMyc5ekUyLhVokXrvIsw1yIjtk=
3,1,KPt4EZgbodYkbUca2Gfu2jl4Ad8=,glMyc5ekUyLhVokXrvIsw1yIjtk=
4,8,Vj+nM97IPUIM6uAH93hxUWWTQ3U=,l3EVPT7ySafrxmkdx0GqyP1kwmg=
5,8,Vj+nM97IPUIM6uAH93hxUWWTQ3U=,l3EVPT7ySafrxmkdx0GqyP1kwmg=
4,10,Vj+nM97IPUIM6uAH93hxUWWTQ3U=,l3EVPT7ySafrxmkdx0GqyP1kwmg=
5,10,Vj+nM97IPUIM6uAH93hxUWWTQ3U=,l3EVPT7ySafrxmkdx0GqyP1kwmg=
0,0,KPt4EZgbodYkbUca2Gfu2jl4Ad8=,glMyc5ekUyLhVokXrvIsw1yIjtk=
1,0,KPt4EZgbodYkbUca2Gfu2jl4Ad8=,glMyc5ekUyLhVokXrvIsw1yIjtk=
4,2,KPt4EZgbodYkbUca2Gfu2jl4Ad8=,glMyc5ekUyLhVokXrvIsw1yIjtk=
2,9,Vj+nM97IPUIM6uAH93hxUWWTQ3U=,l3EVPT7ySafrxmkdx0GqyP1kwmg=
5,2,KPt4EZgbodYkbUca2Gfu2jl4Ad8=,glMyc5ekUyLhVokXrvIsw1yIjtk=
8,10,CCWh/9PrYavcNgvAiLFdtL/Pf6w=,oBAFxmd2Iq3Jcc5+Z6cirOHfCvo=
9,10,CCWh/9PrYavcNgvAiLFdtL/Pf6w=,oBAFxmd2Iq3Jcc5+Z6cirOHfCvo=
1,9,Vj+nM97IPUIM6uAH93hxUWWTQ3U=,l3EVPT7ySafrxmkdx0GqyP1kwmg=
4,5,KPt4EZgbodYkbUca2Gfu2jl4Ad8=,glMyc5ekUyLhVokXrvIsw1yIjtk=
0,9,Vj+nM97IPUIM6uAH93hxUWWTQ3U=,l3EVPT7ySafrxmkdx0GqyP1kwmg=
5,5,KPt4EZgbodYkbUca2Gfu2jl4Ad8=,glMyc5ekUyLhVokXrvIsw1yIjtk=
10,1,CCWh/9PrYavcNgvAiLFdtL/Pf6w=,xRM0Q9Ic1ZDx1V0l3dqfvB2uNOk=
8,2,CCWh/9PrYavcNgvAiLFdtL/Pf6w=,xRM0Q9Ic1ZDx1V0l3dqfvB2uNOk=
9,2,CCWh/9PrYavcNgvAiLFdtL/Pf6w=,xRM0Q9Ic1ZDx1V0l3dqfvB2uNOk=
8,0,CCWh/9PrYavcNgvAiLFdtL/Pf6w=,xRM0Q9Ic1ZDx1V0l3dqfvB2uNOk=
7,8,Vj+nM97IPUIM6uAH93hxUWWTQ3U=,l3EVPT7ySafrxmkdx0GqyP1kwmg=
3,8,Vj+nM97IPUIM6uAH93hxUWWTQ3U=,l3EVPT7ySafrxmkdx0GqyP1kwmg=
13,2,WnqGGb9IpEshmUuJea1CgXjiT5A=,xRM0Q9Ic1ZDx1V0l3dqfvB2uNOk=
15,1,WnqGGb9IpEshmUuJea1CgXjiT5A=,xRM0Q9Ic1ZDx1V0l3dqfvB2uNOk=
6,8,Vj+nM97IPUIM6uAH93hxUWWTQ3U=,l3EVPT7ySafrxmkdx0GqyP1kwmg=
14,2,WnqGGb9IpEshmUuJea1CgXjiT5A=,xRM0Q9Ic1ZDx1V0l3dqfvB2uNOk=
14,1,WnqGGb9IpEshmUuJea1CgXjiT5A=,xRM0Q9Ic1ZDx1V0l3dqfvB2uNOk=
15,2,WnqGGb9IpEshmUuJea1CgXjiT5A=,xRM0Q9Ic1ZDx1V0l3dqfvB2uNOk=
2,10,Vj+nM97IPUIM6uAH93hxUWWTQ3U=,l3EVPT7ySafrxmkdx0GqyP1kwmg=
13,0,WnqGGb9IpEshmUuJea1CgXjiT5A=,xRM0Q9Ic1ZDx1V0l3dqfvB2uNOk=
3,10,Vj+nM97IPUIM6uAH93hxUWWTQ3U=,l3EVPT7ySafrxmkdx0GqyP1kwmg=
13,1,WnqGGb9IpEshmUuJea1CgXjiT5A=,xRM0Q9Ic1ZDx1V0l3dqfvB2uNOk=
14,0,WnqGGb9IpEshmUuJea1CgXjiT5A=,xRM0Q9Ic1ZDx1V0l3dqfvB2uNOk=
15,0,WnqGGb9IpEshmUuJea1CgXjiT5A=,xRM0Q9Ic1ZDx1V0l3dqfvB2uNOk=
2,8,Vj+nM97IPUIM6uAH93hxUWWTQ3U=,l3EVPT7ySafrxmkdx0GqyP1kwmg=
10,7,CCWh/9PrYavcNgvAiLFdtL/Pf6w=,xRM0Q9Ic1ZDx1V0l3dqfvB2uNOk=
8,7,CCWh/9PrYavcNgvAiLFdtL/Pf6w=,xRM0Q9Ic1ZDx1V0l3dqfvB2uNOk=
9,7,CCWh/9PrYavcNgvAiLFdtL/Pf6w=,xRM0Q9Ic1ZDx1V0l3dqfvB2uNOk=
9,1,CCWh/9PrYavcNgvAiLFdtL/Pf6w=,xRM0Q9Ic1ZDx1V0l3dqfvB2uNOk=
7,6,KPt4EZgbodYkbUca2Gfu2jl4Ad8=,glMyc5ekUyLhVokXrvIsw1yIjtk=
1,10,Vj+nM97IPUIM6uAH93hxUWWTQ3U=,l3EVPT7ySafrxmkdx0GqyP1kwmg=
0,10,Vj+nM97IPUIM6uAH93hxUWWTQ3U=,l3EVPT7ySafrxmkdx0GqyP1kwmg=
4,6,KPt4EZgbodYkbUca2Gfu2jl4Ad8=,glMyc5ekUyLhVokXrvIsw1yIjtk=
5,6,KPt4EZgbodYkbUca2Gfu2jl4Ad8=,glMyc5ekUyLhVokXrvIsw1yIjtk=
6,6,KPt4EZgbodYkbUca2Gfu2jl4Ad8=,glMyc5ekUyLhVokXrvIsw1yIjtk=
3,6,KPt4EZgbodYkbUca2Gfu2jl4Ad8=,glMyc5ekUyLhVokXrvIsw1yIjtk=
2,6,KPt4EZgbodYkbUca2Gfu2jl4Ad8=,glMyc5ekUyLhVokXrvIsw1yIjtk=
10,9,CCWh/9PrYavcNgvAiLFdtL/Pf6w=,oBAFxmd2Iq3Jcc5+Z6cirOHfCvo=
9,9,CCWh/9PrYavcNgvAiLFdtL/Pf6w=,oBAFxmd2Iq3Jcc5+Z6cirOHfCvo=
8,9,CCWh/9PrYavcNgvAiLFdtL/Pf6w=,oBAFxmd2Iq3Jcc5+Z6cirOHfCvo=
2,5,KPt4EZgbodYkbUca2Gfu2jl4Ad8=,glMyc5ekUyLhVokXrvIsw1yIjtk=
3,5,KPt4EZgbodYkbUca2Gfu2jl4Ad8=,glMyc5ekUyLhVokXrvIsw1yIjtk=
1,5,KPt4EZgbodYkbUca2Gfu2jl4Ad8=,glMyc5ekUyLhVokXrvIsw1yIjtk=
10,5,CCWh/9PrYavcNgvAiLFdtL/Pf6w=,xRM0Q9Ic1ZDx1V0l3dqfvB2uNOk=
1,8,Vj+nM97IPUIM6uAH93hxUWWTQ3U=,l3EVPT7ySafrxmkdx0GqyP1kwmg=
0,5,KPt4EZgbodYkbUca2Gfu2jl4Ad8=,glMyc5ekUyLhVokXrvIsw1yIjtk=
0,8,Vj+nM97IPUIM6uAH93hxUWWTQ3U=,l3EVPT7ySafrxmkdx0GqyP1kwmg=
3,2,KPt4EZgbodYkbUca2Gfu2jl4Ad8=,glMyc5ekUyLhVokXrvIsw1yIjtk=
6,4,KPt4EZgbodYkbUca2Gfu2jl4Ad8=,glMyc5ekUyLhVokXrvIsw1yIjtk=
7,4,KPt4EZgbodYkbUca2Gfu2jl4Ad8=,glMyc5ekUyLhVokXrvIsw1yIjtk=
2,2,KPt4EZgbodYkbUca2Gfu2jl4Ad8=,glMyc5ekUyLhVokXrvIsw1yIjtk=
7,7,KPt4EZgbodYkbUca2Gfu2jl4Ad8=,glMyc5ekUyLhVokXrvIsw1yIjtk=
3,3,KPt4EZgbodYkbUca2Gfu2jl4Ad8=,glMyc5ekUyLhVokXrvIsw1yIjtk=
6,7,KPt4EZgbodYkbUca2Gfu2jl4Ad8=,glMyc5ekUyLhVokXrvIsw1yIjtk=
2,3,KPt4EZgbodYkbUca2Gfu2jl4Ad8=,glMyc5ekUyLhVokXrvIsw1yIjtk=
7,0,KPt4EZgbodYkbUca2Gfu2jl4Ad8=,glMyc5ekUyLhVokXrvIsw1yIjtk=
6,0,KPt4EZgbodYkbUca2Gfu2jl4Ad8=,glMyc5ekUyLhVokXrvIsw1yIjtk=
1,7,KPt4EZgbodYkbUca2Gfu2jl4Ad8=,glMyc5ekUyLhVokXrvIsw1yIjtk=
1,6,KPt4EZgbodYkbUca2Gfu2jl4Ad8=,glMyc5ekUyLhVokXrvIsw1yIjtk=
0,6,KPt4EZgbodYkbUca2Gfu2jl4Ad8=,glMyc5ekUyLhVokXrvIsw1yIjtk=
7,9,Vj+nM97IPUIM6uAH93hxUWWTQ3U=,l3EVPT7ySafrxmkdx0GqyP1kwmg=
3,0,KPt4EZgbodYkbUca2Gfu2jl4Ad8=,glMyc5ekUyLhVokXrvIsw1yIjtk=
6,9,Vj+nM97IPUIM6uAH93hxUWWTQ3U=,l3EVPT7ySafrxmkdx0GqyP1kwmg=
0,7,KPt4EZgbodYkbUca2Gfu2jl4Ad8=,glMyc5ekUyLhVokXrvIsw1yIjtk=
2,0,KPt4EZgbodYkbUca2Gfu2jl4Ad8=,glMyc5ekUyLhVokXrvIsw1yIjtk=
9,5,CCWh/9PrYavcNgvAiLFdtL/Pf6w=,xRM0Q9Ic1ZDx1V0l3dqfvB2uNOk=
10,0,CCWh/9PrYavcNgvAiLFdtL/Pf6w=,xRM0Q9Ic1ZDx1V0l3dqfvB2uNOk=
8,5,CCWh/9PrYavcNgvAiLFdtL/Pf6w=,xRM0Q9Ic1ZDx1V0l3dqfvB2uNOk=
10,3,CCWh/9PrYavcNgvAiLFdtL/Pf6w=,xRM0Q9Ic1ZDx1V0l3dqfvB2uNOk=
1,3,KPt4EZgbodYkbUca2Gfu2jl4Ad8=,glMyc5ekUyLhVokXrvIsw1yIjtk=
8,1,CCWh/9PrYavcNgvAiLFdtL/Pf6w=,xRM0Q9Ic1ZDx1V0l3dqfvB2uNOk=
9,3,CCWh/9PrYavcNgvAiLFdtL/Pf6w=,xRM0Q9Ic1ZDx1V0l3dqfvB2uNOk=
8,3,CCWh/9PrYavcNgvAiLFdtL/Pf6w=,xRM0Q9Ic1ZDx1V0l3dqfvB2uNOk=
7,1,KPt4EZgbodYkbUca2Gfu2jl4Ad8=,glMyc5ekUyLhVokXrvIsw1yIjtk=
2,4,KPt4EZgbodYkbUca2Gfu2jl4Ad8=,glMyc5ekUyLhVokXrvIsw1yIjtk=
3,4,KPt4EZgbodYkbUca2Gfu2jl4Ad8=,glMyc5ekUyLhVokXrvIsw1yIjtk=
6,1,KPt4EZgbodYkbUca2Gfu2jl4Ad8=,glMyc5ekUyLhVokXrvIsw1yIjtk=
0,4,KPt4EZgbodYkbUca2Gfu2jl4Ad8=,glMyc5ekUyLhVokXrvIsw1yIjtk=
1,4,KPt4EZgbodYkbUca2Gfu2jl4Ad8=,glMyc5ekUyLhVokXrvIsw1yIjtk=
10,6,CCWh/9PrYavcNgvAiLFdtL/Pf6w=,xRM0Q9Ic1ZDx1V0l3dqfvB2uNOk=
6,5,KPt4EZgbodYkbUca2Gfu2jl4Ad8=,glMyc5ekUyLhVokXrvIsw1yIjtk=
7,5,KPt4EZgbodYkbUca2Gfu2jl4Ad8=,glMyc5ekUyLhVokXrvIsw1yIjtk=
5,0,KPt4EZgbodYkbUca2Gfu2jl4Ad8=,glMyc5ekUyLhVokXrvIsw1yIjtk=
4,0,KPt4EZgbodYkbUca2Gfu2jl4Ad8=,glMyc5ekUyLhVokXrvIsw1yIjtk=
5,7,KPt4EZgbodYkbUca2Gfu2jl4Ad8=,glMyc5ekUyLhVokXrvIsw1yIjtk=
4,7,KPt4EZgbodYkbUca2Gfu2jl4Ad8=,glMyc5ekUyLhVokXrvIsw1yIjtk=
5,1,KPt4EZgbodYkbUca2Gfu2jl4Ad8=,glMyc5ekUyLhVokXrvIsw1yIjtk=
10,10,CCWh/9PrYavcNgvAiLFdtL/Pf6w=,oBAFxmd2Iq3Jcc5+Z6cirOHfCvo=
7,10,Vj+nM97IPUIM6uAH93hxUWWTQ3U=,l3EVPT7ySafrxmkdx0GqyP1kwmg=
4,1,KPt4EZgbodYkbUca2Gfu2jl4Ad8=,glMyc5ekUyLhVokXrvIsw1yIjtk=
9,6,CCWh/9PrYavcNgvAiLFdtL/Pf6w=,xRM0Q9Ic1ZDx1V0l3dqfvB2uNOk=
6,10,Vj+nM97IPUIM6uAH93hxUWWTQ3U=,l3EVPT7ySafrxmkdx0GqyP1kwmg=
8,6,CCWh/9PrYavcNgvAiLFdtL/Pf6w=,xRM0Q9Ic1ZDx1V0l3dqfvB2uNOk=
6,3,KPt4EZgbodYkbUca2Gfu2jl4Ad8=,glMyc5ekUyLhVokXrvIsw1yIjtk=
7,3,KPt4EZgbodYkbUca2Gfu2jl4Ad8=,glMyc5ekUyLhVokXrvIsw1yIjtk=
7,2,KPt4EZgbodYkbUca2Gfu2jl4Ad8=,glMyc5ekUyLhVokXrvIsw1yIjtk=
5,3,KPt4EZgbodYkbUca2Gfu2jl4Ad8=,glMyc5ekUyLhVokXrvIsw1yIjtk=
6,2,KPt4EZgbodYkbUca2Gfu2jl4Ad8=,glMyc5ekUyLhVokXrvIsw1yIjtk=
4,3,KPt4EZgbodYkbUca2Gfu2jl4Ad8=,glMyc5ekUyLhVokXrvIsw1yIjtk=
1,2,KPt4EZgbodYkbUca2Gfu2jl4Ad8=,glMyc5ekUyLhVokXrvIsw1yIjtk=
0,2,KPt4EZgbodYkbUca2Gfu2jl4Ad8=,glMyc5ekUyLhVokXrvIsw1yIjtk=
10,2,CCWh/9PrYavcNgvAiLFdtL/Pf6w=,xRM0Q9Ic1ZDx1V0l3dqfvB2uNOk=
9,0,CCWh/9PrYavcNgvAiLFdtL/Pf6w=,xRM0Q9Ic1ZDx1V0l3dqfvB2uNOk=
0,3,KPt4EZgbodYkbUca2Gfu2jl4Ad8=,glMyc5ekUyLhVokXrvIsw1yIjtk=
12,19,Tz2rcXAsLsM2skJtf0d+wDUKlNc=,f7G2UmHJsfVZS0yHOKm8LeO3Lro=
11,20,Tz2rcXAsLsM2skJtf0d+wDUKlNc=,f7G2UmHJsfVZS0yHOKm8LeO3Lro=
12,20,Tz2rcXAsLsM2skJtf0d+wDUKlNc=,f7G2UmHJsfVZS0yHOKm8LeO3Lro=
11,19,Tz2rcXAsLsM2skJtf0d+wDUKlNc=,f7G2UmHJsfVZS0yHOKm8LeO3Lro=
12,21,Tz2rcXAsLsM2skJtf0d+wDUKlNc=,f7G2UmHJsfVZS0yHOKm8LeO3Lro=
12,27,iLOAuXQlvwk9ZA0eiD+pncDpPmg=,t7O4QkIpxG7eJabusmlFEoVpgTM=
12,23,Tz2rcXAsLsM2skJtf0d+wDUKlNc=,f7G2UmHJsfVZS0yHOKm8LeO3Lro=
11,28,iLOAuXQlvwk9ZA0eiD+pncDpPmg=,t7O4QkIpxG7eJabusmlFEoVpgTM=
12,28,iLOAuXQlvwk9ZA0eiD+pncDpPmg=,t7O4QkIpxG7eJabusmlFEoVpgTM=
11,26,iLOAuXQlvwk9ZA0eiD+pncDpPmg=,t7O4QkIpxG7eJabusmlFEoVpgTM=
12,26,iLOAuXQlvwk9ZA0eiD+pncDpPmg=,t7O4QkIpxG7eJabusmlFEoVpgTM=
11,21,Tz2rcXAsLsM2skJtf0d+wDUKlNc=,f7G2UmHJsfVZS0yHOKm8LeO3Lro=
11,24,iLOAuXQlvwk9ZA0eiD+pncDpPmg=,t7O4QkIpxG7eJabusmlFEoVpgTM=
11,27,iLOAuXQlvwk9ZA0eiD+pncDpPmg=,t7O4QkIpxG7eJabusmlFEoVpgTM=
12,24,iLOAuXQlvwk9ZA0eiD+pncDpPmg=,t7O4QkIpxG7eJabusmlFEoVpgTM=
11,22,Tz2rcXAsLsM2skJtf0d+wDUKlNc=,f7G2UmHJsfVZS0yHOKm8LeO3Lro=
12,22,Tz2rcXAsLsM2skJtf0d+wDUKlNc=,f7G2UmHJsfVZS0yHOKm8LeO3Lro=
11,25,iLOAuXQlvwk9ZA0eiD+pncDpPmg=,t7O4QkIpxG7eJabusmlFEoVpgTM=
12,25,iLOAuXQlvwk9ZA0eiD+pncDpPmg=,t7O4QkIpxG7eJabusmlFEoVpgTM=
11,23,Tz2rcXAsLsM2skJtf0d+wDUKlNc=,f7G2UmHJsfVZS0yHOKm8LeO3Lro=
13,27,iLOAuXQlvwk9ZA0eiD+pncDpPmg=,t7O4QkIpxG7eJabusmlFEoVpgTM=
15,28,iLOAuXQlvwk9ZA0eiD+pncDpPmg=,t7O4QkIpxG7eJabusmlFEoVpgTM=
14,28,iLOAuXQlvwk9ZA0eiD+pncDpPmg=,t7O4QkIpxG7eJabusmlFEoVpgTM=
13,28,iLOAuXQlvwk9ZA0eiD+pncDpPmg=,t7O4QkIpxG7eJabusmlFEoVpgTM=
15,27,iLOAuXQlvwk9ZA0eiD+pncDpPmg=,t7O4QkIpxG7eJabusmlFEoVpgTM=
14,27,iLOAuXQlvwk9ZA0eiD+pncDpPmg=,t7O4QkIpxG7eJabusmlFEoVpgTM=
11,29,iLOAuXQlvwk9ZA0eiD+pncDpPmg=,t7O4QkIpxG7eJabusmlFEoVpgTM=
12,29,iLOAuXQlvwk9ZA0eiD+pncDpPmg=,t7O4QkIpxG7eJabusmlFEoVpgTM=
11,30,iLOAuXQlvwk9ZA0eiD+pncDpPmg=,t7O4QkIpxG7eJabusmlFEoVpgTM=
12,30,iLOAuXQlvwk9ZA0eiD+pncDpPmg=,t7O4QkIpxG7eJabusmlFEoVpgTM=
11,31,iLOAuXQlvwk9ZA0eiD+pncDpPmg=,t7O4QkIpxG7eJabusmlFEoVpgTM=
12,31,iLOAuXQlvwk9ZA0eiD+pncDpPmg=,t7O4QkIpxG7eJabusmlFEoVpgTM=
11,16,Tz2rcXAsLsM2skJtf0d+wDUKlNc=,f7G2UmHJsfVZS0yHOKm8LeO3Lro=
12,16,Tz2rcXAsLsM2skJtf0d+wDUKlNc=,f7G2UmHJsfVZS0yHOKm8LeO3Lro=
11,17,Tz2rcXAsLsM2skJtf0d+wDUKlNc=,f7G2UmHJsfVZS0yHOKm8LeO3Lro=
12,17,Tz2rcXAsLsM2skJtf0d+wDUKlNc=,f7G2UmHJsfVZS0yHOKm8LeO3Lro=
11,18,Tz2rcXAsLsM2skJtf0d+wDUKlNc=,f7G2UmHJsfVZS0yHOKm8LeO3Lro=
12,18,Tz2rcXAsLsM2skJtf0d+wDUKlNc=,f7G2UmHJsfVZS0yHOKm8LeO3Lro=
13,19,Tz2rcXAsLsM2skJtf0d+wDUKlNc=,f7G2UmHJsfVZS0yHOKm8LeO3Lro=
14,19,Tz2rcXAsLsM2skJtf0d+wDUKlNc=,f7G2UmHJsfVZS0yHOKm8LeO3Lro=
15,19,Tz2rcXAsLsM2skJtf0d+wDUKlNc=,f7G2UmHJsfVZS0yHOKm8LeO3Lro=
13,21,Tz2rcXAsLsM2skJtf0d+wDUKlNc=,f7G2UmHJsfVZS0yHOKm8LeO3Lro=
14,21,Tz2rcXAsLsM2skJtf0d+wDUKlNc=,f7G2UmHJsfVZS0yHOKm8LeO3Lro=
15,21,Tz2rcXAsLsM2skJtf0d+wDUKlNc=,f7G2UmHJsfVZS0yHOKm8LeO3Lro=
13,23,Tz2rcXAsLsM2skJtf0d+wDUKlNc=,f7G2UmHJsfVZS0yHOKm8LeO3Lro=
14,26,iLOAuXQlvwk9ZA0eiD+pncDpPmg=,t7O4QkIpxG7eJabusmlFEoVpgTM=
15,26,iLOAuXQlvwk9ZA0eiD+pncDpPmg=,t7O4QkIpxG7eJabusmlFEoVpgTM=
14,23,Tz2rcXAsLsM2skJtf0d+wDUKlNc=,f7G2UmHJsfVZS0yHOKm8LeO3Lro=
13,20,Tz2rcXAsLsM2skJtf0d+wDUKlNc=,f7G2UmHJsfVZS0yHOKm8LeO3Lro=
14,20,Tz2rcXAsLsM2skJtf0d+wDUKlNc=,f7G2UmHJsfVZS0yHOKm8LeO3Lro=
15,20,Tz2rcXAsLsM2skJtf0d+wDUKlNc=,f7G2UmHJsfVZS0yHOKm8LeO3Lro=
13,26,iLOAuXQlvwk9ZA0eiD+pncDpPmg=,t7O4QkIpxG7eJabusmlFEoVpgTM=
15,23,Tz2rcXAsLsM2skJtf0d+wDUKlNc=,f7G2UmHJsfVZS0yHOKm8LeO3Lro=
13,24,iLOAuXQlvwk9ZA0eiD+pncDpPmg=,t7O4QkIpxG7eJabusmlFEoVpgTM=
14,24,iLOAuXQlvwk9ZA0eiD+pncDpPmg=,t7O4QkIpxG7eJabusmlFEoVpgTM=
13,22,Tz2rcXAsLsM2skJtf0d+wDUKlNc=,f7G2UmHJsfVZS0yHOKm8LeO3Lro=
15,24,iLOAuXQlvwk9ZA0eiD+pncDpPmg=,t7O4QkIpxG7eJabusmlFEoVpgTM=
14,22,Tz2rcXAsLsM2skJtf0d+wDUKlNc=,f7G2UmHJsfVZS0yHOKm8LeO3Lro=
15,22,Tz2rcXAsLsM2skJtf0d+wDUKlNc=,f7G2UmHJsfVZS0yHOKm8LeO3Lro=
13,25,iLOAuXQlvwk9ZA0eiD+pncDpPmg=,t7O4QkIpxG7eJabusmlFEoVpgTM=
14,25,iLOAuXQlvwk9ZA0eiD+pncDpPmg=,t7O4QkIpxG7eJabusmlFEoVpgTM=
15,25,iLOAuXQlvwk9ZA0eiD+pncDpPmg=,t7O4QkIpxG7eJabusmlFEoVpgTM=
13,29,iLOAuXQlvwk9ZA0eiD+pncDpPmg=,t7O4QkIpxG7eJabusmlFEoVpgTM=
14,29,iLOAuXQlvwk9ZA0eiD+pncDpPmg=,t7O4QkIpxG7eJabusmlFEoVpgTM=
15,29,iLOAuXQlvwk9ZA0eiD+pncDpPmg=,t7O4QkIpxG7eJabusmlFEoVpgTM=
13,30,iLOAuXQlvwk9ZA0eiD+pncDpPmg=,t7O4QkIpxG7eJabusmlFEoVpgTM=
14,30,iLOAuXQlvwk9ZA0eiD+pncDpPmg=,t7O4QkIpxG7eJabusmlFEoVpgTM=
15,30,iLOAuXQlvwk9ZA0eiD+pncDpPmg=,t7O4QkIpxG7eJabusmlFEoVpgTM=
13,31,iLOAuXQlvwk9ZA0eiD+pncDpPmg=,t7O4QkIpxG7eJabusmlFEoVpgTM=
14,31,iLOAuXQlvwk9ZA0eiD+pncDpPmg=,t7O4QkIpxG7eJabusmlFEoVpgTM=
15,31,iLOAuXQlvwk9ZA0eiD+pncDpPmg=,t7O4QkIpxG7eJabusmlFEoVpgTM=
13,16,Tz2rcXAsLsM2skJtf0d+wDUKlNc=,f7G2UmHJsfVZS0yHOKm8LeO3Lro=
14,16,Tz2rcXAsLsM2skJtf0d+wDUKlNc=,f7G2UmHJsfVZS0yHOKm8LeO3Lro=
15,16,Tz2rcXAsLsM2skJtf0d+wDUKlNc=,f7G2UmHJsfVZS0yHOKm8LeO3Lro=
13,17,Tz2rcXAsLsM2skJtf0d+wDUKlNc=,f7G2UmHJsfVZS0yHOKm8LeO3Lro=
14,17,Tz2rcXAsLsM2skJtf0d+wDUKlNc=,f7G2UmHJsfVZS0yHOKm8LeO3Lro=
15,17,Tz2rcXAsLsM2skJtf0d+wDUKlNc=,f7G2UmHJsfVZS0yHOKm8LeO3Lro=
13,18,Tz2rcXAsLsM2skJtf0d+wDUKlNc=,f7G2UmHJsfVZS0yHOKm8LeO3Lro=
14,18,Tz2rcXAsLsM2skJtf0d+wDUKlNc=,f7G2UmHJsfVZS0yHOKm8LeO3Lro=
15,18,Tz2rcXAsLsM2skJtf0d+wDUKlNc=,f7G2UmHJsfVZS0yHOKm8LeO3Lro=
8,28,iLOAuXQlvwk9ZA0eiD+pncDpPmg=,t7O4QkIpxG7eJabusmlFEoVpgTM=
9,28,iLOAuXQlvwk9ZA0eiD+pncDpPmg=,t7O4QkIpxG7eJabusmlFEoVpgTM=
10,28,iLOAuXQlvwk9ZA0eiD+pncDpPmg=,t7O4QkIpxG7eJabusmlFEoVpgTM=
2,27,iLOAuXQlvwk9ZA0eiD+pncDpPmg=,inMIQkAEbI1BiDlOJKlDQeffd8c=
3,27,iLOAuXQlvwk9ZA0eiD+pncDpPmg=,inMIQkAEbI1BiDlOJKlDQeffd8c=
1,27,iLOAuXQlvwk9ZA0eiD+pncDpPmg=,inMIQkAEbI1BiDlOJKlDQeffd8c=
4,27,iLOAuXQlvwk9ZA0eiD+pncDpPmg=,inMIQkAEbI1BiDlOJKlDQeffd8c=
0,27,iLOAuXQlvwk9ZA0eiD+pncDpPmg=,inMIQkAEbI1BiDlOJKlDQeffd8c=
8,29,iLOAuXQlvwk9ZA0eiD+pncDpPmg=,t7O4QkIpxG7eJabusmlFEoVpgTM=
9,29,iLOAuXQlvwk9ZA0eiD+pncDpPmg=,t7O4QkIpxG7eJabusmlFEoVpgTM=
7,30,iLOAuXQlvwk9ZA0eiD+pncDpPmg=,inMIQkAEbI1BiDlOJKlDQeffd8c=
10,29,iLOAuXQlvwk9ZA0eiD+pncDpPmg=,t7O4QkIpxG7eJabusmlFEoVpgTM=
5,27,iLOAuXQlvwk9ZA0eiD+pncDpPmg=,inMIQkAEbI1BiDlOJKlDQeffd8c=
6,30,iLOAuXQlvwk9ZA0eiD+pncDpPmg=,inMIQkAEbI1BiDlOJKlDQeffd8c=
6,27,iLOAuXQlvwk9ZA0eiD+pncDpPmg=,inMIQkAEbI1BiDlOJKlDQeffd8c=
7,27,iLOAuXQlvwk9ZA0eiD+pncDpPmg=,inMIQkAEbI1BiDlOJKlDQeffd8c=
0,28,iLOAuXQlvwk9ZA0eiD+pncDpPmg=,inMIQkAEbI1BiDlOJKlDQeffd8c=
1,28,iLOAuXQlvwk9ZA0eiD+pncDpPmg=,inMIQkAEbI1BiDlOJKlDQeffd8c=
2,30,iLOAuXQlvwk9ZA0eiD+pncDpPmg=,inMIQkAEbI1BiDlOJKlDQeffd8c=
2,28,iLOAuXQlvwk9ZA0eiD+pncDpPmg=,inMIQkAEbI1BiDlOJKlDQeffd8c=
3,28,iLOAuXQlvwk9ZA0eiD+pncDpPmg=,inMIQkAEbI1BiDlOJKlDQeffd8c=
3,30,iLOAuXQlvwk9ZA0eiD+pncDpPmg=,inMIQkAEbI1BiDlOJKlDQeffd8c=
8,30,iLOAuXQlvwk9ZA0eiD+pncDpPmg=,t7O4QkIpxG7eJabusmlFEoVpgTM=
8,27,iLOAuXQlvwk9ZA0eiD+pncDpPmg=,t7O4QkIpxG7eJabusmlFEoVpgTM=
9,30,iLOAuXQlvwk9ZA0eiD+pncDpPmg=,t7O4QkIpxG7eJabusmlFEoVpgTM=
4,28,iLOAuXQlvwk9ZA0eiD+pncDpPmg=,inMIQkAEbI1BiDlOJKlDQeffd8c=
10,30,iLOAuXQlvwk9ZA0eiD+pncDpPmg=,t7O4QkIpxG7eJabusmlFEoVpgTM=
5,28,iLOAuXQlvwk9ZA0eiD+pncDpPmg=,inMIQkAEbI1BiDlOJKlDQeffd8c=
6,28,iLOAuXQlvwk9ZA0eiD+pncDpPmg=,inMIQkAEbI1BiDlOJKlDQeffd8c=
0,31,iLOAuXQlvwk9ZA0eiD+pncDpPmg=,inMIQkAEbI1BiDlOJKlDQeffd8c=
1,31,iLOAuXQlvwk9ZA0eiD+pncDpPmg=,inMIQkAEbI1BiDlOJKlDQeffd8c=
7,28,iLOAuXQlvwk9ZA0eiD+pncDpPmg=,inMIQkAEbI1BiDlOJKlDQeffd8c=
8,31,iLOAuXQlvwk9ZA0eiD+pncDpPmg=,t7O4QkIpxG7eJabusmlFEoVpgTM=
9,31,iLOAuXQlvwk9ZA0eiD+pncDpPmg=,t7O4QkIpxG7eJabusmlFEoVpgTM=
2,31,iLOAuXQlvwk9ZA0eiD+pncDpPmg=,inMIQkAEbI1BiDlOJKlDQeffd8c=
10,31,iLOAuXQlvwk9ZA0eiD+pncDpPmg=,t7O4QkIpxG7eJabusmlFEoVpgTM=
3,31,iLOAuXQlvwk9ZA0eiD+pncDpPmg=,inMIQkAEbI1BiDlOJKlDQeffd8c=
0,29,iLOAuXQlvwk9ZA0eiD+pncDpPmg=,inMIQkAEbI1BiDlOJKlDQeffd8c=
1,29,iLOAuXQlvwk9ZA0eiD+pncDpPmg=,inMIQkAEbI1BiDlOJKlDQeffd8c=
2,29,iLOAuXQlvwk9ZA0eiD+pncDpPmg=,inMIQkAEbI1BiDlOJKlDQeffd8c=
4,30,iLOAuXQlvwk9ZA0eiD+pncDpPmg=,inMIQkAEbI1BiDlOJKlDQeffd8c=
3,29,iLOAuXQlvwk9ZA0eiD+pncDpPmg=,inMIQkAEbI1BiDlOJKlDQeffd8c=
5,30,iLOAuXQlvwk9ZA0eiD+pncDpPmg=,inMIQkAEbI1BiDlOJKlDQeffd8c=
4,31,iLOAuXQlvwk9ZA0eiD+pncDpPmg=,inMIQkAEbI1BiDlOJKlDQeffd8c=
5,31,iLOAuXQlvwk9ZA0eiD+pncDpPmg=,inMIQkAEbI1BiDlOJKlDQeffd8c=
6,31,iLOAuXQlvwk9ZA0eiD+pncDpPmg=,inMIQkAEbI1BiDlOJKlDQeffd8c=
4,29,iLOAuXQlvwk9ZA0eiD+pncDpPmg=,inMIQkAEbI1BiDlOJKlDQeffd8c=
7,31,iLOAuXQlvwk9ZA0eiD+pncDpPmg=,inMIQkAEbI1BiDlOJKlDQeffd8c=
5,29,iLOAuXQlvwk9ZA0eiD+pncDpPmg=,inMIQkAEbI1BiDlOJKlDQeffd8c=
9,27,iLOAuXQlvwk9ZA0eiD+pncDpPmg=,t7O4QkIpxG7eJabusmlFEoVpgTM=
6,29,iLOAuXQlvwk9ZA0eiD+pncDpPmg=,inMIQkAEbI1BiDlOJKlDQeffd8c=
10,27,iLOAuXQlvwk9ZA0eiD+pncDpPmg=,t7O4QkIpxG7eJabusmlFEoVpgTM=
0,30,iLOAuXQlvwk9ZA0eiD+pncDpPmg=,inMIQkAEbI1BiDlOJKlDQeffd8c=
1,30,iLOAuXQlvwk9ZA0eiD+pncDpPmg=,inMIQkAEbI1BiDlOJKlDQeffd8c=
7,29,iLOAuXQlvwk9ZA0eiD+pncDpPmg=,inMIQkAEbI1BiDlOJKlDQeffd8c=
7,26,iLOAuXQlvwk9ZA0eiD+pncDpPmg=,inMIQkAEbI1BiDlOJKlDQeffd8c=
10,23,Tz2rcXAsLsM2skJtf0d+wDUKlNc=,f7G2UmHJsfVZS0yHOKm8LeO3Lro=
1,18,iLOAuXQlvwk9ZA0eiD+pncDpPmg=,74Q4a9X3N72AnGc/p0kdf1fd07c=
2,18,iLOAuXQlvwk9ZA0eiD+pncDpPmg=,74Q4a9X3N72AnGc/p0kdf1fd07c=
0,18,iLOAuXQlvwk9ZA0eiD+pncDpPmg=,74Q4a9X3N72AnGc/p0kdf1fd07c=
3,18,iLOAuXQlvwk9ZA0eiD+pncDpPmg=,74Q4a9X3N72AnGc/p0kdf1fd07c=
6,26,iLOAuXQlvwk9ZA0eiD+pncDpPmg=,inMIQkAEbI1BiDlOJKlDQeffd8c=
0,17,iLOAuXQlvwk9ZA0eiD+pncDpPmg=,74Q4a9X3N72AnGc/p0kdf1fd07c=
3,23,iLOAuXQlvwk9ZA0eiD+pncDpPmg=,74Q4a9X3N72AnGc/p0kdf1fd07c=
7,16,iLOAuXQlvwk9ZA0eiD+pncDpPmg=,74Q4a9X3N72AnGc/p0kdf1fd07c=
3,19,iLOAuXQlvwk9ZA0eiD+pncDpPmg=,74Q4a9X3N72AnGc/p0kdf1fd07c=
4,19,iLOAuXQlvwk9ZA0eiD+pncDpPmg=,74Q4a9X3N72AnGc/p0kdf1fd07c=
5,19,iLOAuXQlvwk9ZA0eiD+pncDpPmg=,74Q4a9X3N72AnGc/p0kdf1fd07c=
4,26,iLOAuXQlvwk9ZA0eiD+pncDpPmg=,inMIQkAEbI1BiDlOJKlDQeffd8c=
7,17,iLOAuXQlvwk9ZA0eiD+pncDpPmg=,74Q4a9X3N72AnGc/p0kdf1fd07c=
4,20,iLOAuXQlvwk9ZA0eiD+pncDpPmg=,74Q4a9X3N72AnGc/p0kdf1fd07c=
3,26,iLOAuXQlvwk9ZA0eiD+pncDpPmg=,inMIQkAEbI1BiDlOJKlDQeffd8c=
6,17,iLOAuXQlvwk9ZA0eiD+pncDpPmg=,74Q4a9X3N72AnGc/p0kdf1fd07c=
5,26,iLOAuXQlvwk9ZA0eiD+pncDpPmg=,inMIQkAEbI1BiDlOJKlDQeffd8c=
2,26,iLOAuXQlvwk9ZA0eiD+pncDpPmg=,inMIQkAEbI1BiDlOJKlDQeffd8c=
5,17,iLOAuXQlvwk9ZA0eiD+pncDpPmg=,74Q4a9X3N72AnGc/p0kdf1fd07c=
5,20,iLOAuXQlvwk9ZA0eiD+pncDpPmg=,74Q4a9X3N72AnGc/p0kdf1fd07c=
6,20,iLOAuXQlvwk9ZA0eiD+pncDpPmg=,74Q4a9X3N72AnGc/p0kdf1fd07c=
8,20,Tz2rcXAsLsM2skJtf0d+wDUKlNc=,f7G2UmHJsfVZS0yHOKm8LeO3Lro=
1,24,iLOAuXQlvwk9ZA0eiD+pncDpPmg=,inMIQkAEbI1BiDlOJKlDQeffd8c=
2,23,iLOAuXQlvwk9ZA0eiD+pncDpPmg=,74Q4a9X3N72AnGc/p0kdf1fd07c=
1,26,iLOAuXQlvwk9ZA0eiD+pncDpPmg=,inMIQkAEbI1BiDlOJKlDQeffd8c=
6,16,iLOAuXQlvwk9ZA0eiD+pncDpPmg=,74Q4a9X3N72AnGc/p0kdf1fd07c=
10,19,Tz2rcXAsLsM2skJtf0d+wDUKlNc=,f7G2UmHJsfVZS0yHOKm8LeO3Lro=
4,18,iLOAuXQlvwk9ZA0eiD+pncDpPmg=,74Q4a9X3N72AnGc/p0kdf1fd07c=
5,18,iLOAuXQlvwk9ZA0eiD+pncDpPmg=,74Q4a9X3N72AnGc/p0kdf1fd07c=
6,18,iLOAuXQlvwk9ZA0eiD+pncDpPmg=,74Q4a9X3N72AnGc/p0kdf1fd07c=
7,20,iLOAuXQlvwk9ZA0eiD+pncDpPmg=,74Q4a9X3N72AnGc/p0kdf1fd07c=
0,23,iLOAuXQlvwk9ZA0eiD+pncDpPmg=,74Q4a9X3N72AnGc/p0kdf1fd07c=
0,21,iLOAuXQlvwk9ZA0eiD+pncDpPmg=,74Q4a9X3N72AnGc/p0kdf1fd07c=
8,22,Tz2rcXAsLsM2skJtf0d+wDUKlNc=,f7G2UmHJsfVZS0yHOKm8LeO3Lro=
1,23,iLOAuXQlvwk9ZA0eiD+pncDpPmg=,74Q4a9X3N72AnGc/p0kdf1fd07c=
0,26,iLOAuXQlvwk9ZA0eiD+pncDpPmg=,inMIQkAEbI1BiDlOJKlDQeffd8c=
9,19,Tz2rcXAsLsM2skJtf0d+wDUKlNc=,f7G2UmHJsfVZS0yHOKm8LeO3Lro=
4,17,iLOAuXQlvwk9ZA0eiD+pncDpPmg=,74Q4a9X3N72AnGc/p0kdf1fd07c=
7,25,iLOAuXQlvwk9ZA0eiD+pncDpPmg=,inMIQkAEbI1BiDlOJKlDQeffd8c=
7,22,iLOAuXQlvwk9ZA0eiD+pncDpPmg=,74Q4a9X3N72AnGc/p0kdf1fd07c=
8,19,Tz2rcXAsLsM2skJtf0d+wDUKlNc=,f7G2UmHJsfVZS0yHOKm8LeO3Lro=
9,23,Tz2rcXAsLsM2skJtf0d+wDUKlNc=,f7G2UmHJsfVZS0yHOKm8LeO3Lro=
7,23,iLOAuXQlvwk9ZA0eiD+pncDpPmg=,74Q4a9X3N72AnGc/p0kdf1fd07c=
8,23,Tz2rcXAsLsM2skJtf0d+wDUKlNc=,f7G2UmHJsfVZS0yHOKm8LeO3Lro=
0,24,iLOAuXQlvwk9ZA0eiD+pncDpPmg=,inMIQkAEbI1BiDlOJKlDQeffd8c=
1,21,iLOAuXQlvwk9ZA0eiD+pncDpPmg=,74Q4a9X3N72AnGc/p0kdf1fd07c=
6,22,iLOAuXQlvwk9ZA0eiD+pncDpPmg=,74Q4a9X3N72AnGc/p0kdf1fd07c=
10,25,iLOAuXQlvwk9ZA0eiD+pncDpPmg=,t7O4QkIpxG7eJabusmlFEoVpgTM=
6,25,iLOAuXQlvwk9ZA0eiD+pncDpPmg=,inMIQkAEbI1BiDlOJKlDQeffd8c=
5,22,iLOAuXQlvwk9ZA0eiD+pncDpPmg=,74Q4a9X3N72AnGc/p0kdf1fd07c=
10,18,Tz2rcXAsLsM2skJtf0d+wDUKlNc=,f7G2UmHJsfVZS0yHOKm8LeO3Lro=
9,25,iLOAuXQlvwk9ZA0eiD+pncDpPmg=,t7O4QkIpxG7eJabusmlFEoVpgTM=
9,18,Tz2rcXAsLsM2skJtf0d+wDUKlNc=,f7G2UmHJsfVZS0yHOKm8LeO3Lro=
8,18,Tz2rcXAsLsM2skJtf0d+wDUKlNc=,f7G2UmHJsfVZS0yHOKm8LeO3Lro=
4,23,iLOAuXQlvwk9ZA0eiD+pncDpPmg=,74Q4a9X3N72AnGc/p0kdf1fd07c=
4,22,iLOAuXQlvwk9ZA0eiD+pncDpPmg=,74Q4a9X3N72AnGc/p0kdf1fd07c=
5,25,iLOAuXQlvwk9ZA0eiD+pncDpPmg=,inMIQkAEbI1BiDlOJKlDQeffd8c=
3,22,iLOAuXQlvwk9ZA0eiD+pncDpPmg=,74Q4a9X3N72AnGc/p0kdf1fd07c=
5,23,iLOAuXQlvwk9ZA0eiD+pncDpPmg=,74Q4a9X3N72AnGc/p0kdf1fd07c=
4,25,iLOAuXQlvwk9ZA0eiD+pncDpPmg=,inMIQkAEbI1BiDlOJKlDQeffd8c=
8,25,iLOAuXQlvwk9ZA0eiD+pncDpPmg=,t7O4QkIpxG7eJabusmlFEoVpgTM=
2,25,iLOAuXQlvwk9ZA0eiD+pncDpPmg=,inMIQkAEbI1BiDlOJKlDQeffd8c=
10,17,Tz2rcXAsLsM2skJtf0d+wDUKlNc=,f7G2UmHJsfVZS0yHOKm8LeO3Lro=
9,17,Tz2rcXAsLsM2skJtf0d+wDUKlNc=,f7G2UmHJsfVZS0yHOKm8LeO3Lro=
5,16,iLOAuXQlvwk9ZA0eiD+pncDpPmg=,74Q4a9X3N72AnGc/p0kdf1fd07c=
3,25,iLOAuXQlvwk9ZA0eiD+pncDpPmg=,inMIQkAEbI1BiDlOJKlDQeffd8c=
1,25,iLOAuXQlvwk9ZA0eiD+pncDpPmg=,inMIQkAEbI1BiDlOJKlDQeffd8c=
8,17,Tz2rcXAsLsM2skJtf0d+wDUKlNc=,f7G2UmHJsfVZS0yHOKm8LeO3Lro=
1,17,iLOAuXQlvwk9ZA0eiD+pncDpPmg=,74Q4a9X3N72AnGc/p0kdf1fd07c=
7,18,iLOAuXQlvwk9ZA0eiD+pncDpPmg=,74Q4a9X3N72AnGc/p0kdf1fd07c=
4,16,iLOAuXQlvwk9ZA0eiD+pncDpPmg=,74Q4a9X3N72AnGc/p0kdf1fd07c=
2,22,iLOAuXQlvwk9ZA0eiD+pncDpPmg=,74Q4a9X3N72AnGc/p0kdf1fd07c=
0,19,iLOAuXQlvwk9ZA0eiD+pncDpPmg=,74Q4a9X3N72AnGc/p0kdf1fd07c=
9,20,Tz2rcXAsLsM2skJtf0d+wDUKlNc=,f7G2UmHJsfVZS0yHOKm8LeO3Lro=
3,20,iLOAuXQlvwk9ZA0eiD+pncDpPmg=,74Q4a9X3N72AnGc/p0kdf1fd07c=
1,22,iLOAuXQlvwk9ZA0eiD+pncDpPmg=,74Q4a9X3N72AnGc/p0kdf1fd07c=
7,21,iLOAuXQlvwk9ZA0eiD+pncDpPmg=,74Q4a9X3N72AnGc/p0kdf1fd07c=
0,22,iLOAuXQlvwk9ZA0eiD+pncDpPmg=,74Q4a9X3N72AnGc/p0kdf1fd07c=
10,24,iLOAuXQlvwk9ZA0eiD+pncDpPmg=,t7O4QkIpxG7eJabusmlFEoVpgTM=
9,24,iLOAuXQlvwk9ZA0eiD+pncDpPmg=,t7O4QkIpxG7eJabusmlFEoVpgTM=
8,24,iLOAuXQlvwk9ZA0eiD+pncDpPmg=,t7O4QkIpxG7eJabusmlFEoVpgTM=
10,21,Tz2rcXAsLsM2skJtf0d+wDUKlNc=,f7G2UmHJsfVZS0yHOKm8LeO3Lro=
9,21,Tz2rcXAsLsM2skJtf0d+wDUKlNc=,f7G2UmHJsfVZS0yHOKm8LeO3Lro=
0,25,iLOAuXQlvwk9ZA0eiD+pncDpPmg=,inMIQkAEbI1BiDlOJKlDQeffd8c=
7,24,iLOAuXQlvwk9ZA0eiD+pncDpPmg=,inMIQkAEbI1BiDlOJKlDQeffd8c=
2,20,iLOAuXQlvwk9ZA0eiD+pncDpPmg=,74Q4a9X3N72AnGc/p0kdf1fd07c=
10,16,Tz2rcXAsLsM2skJtf0d+wDUKlNc=,f7G2UmHJsfVZS0yHOKm8LeO3Lro=
2,24,iLOAuXQlvwk9ZA0eiD+pncDpPmg=,inMIQkAEbI1BiDlOJKlDQeffd8c=
10,20,Tz2rcXAsLsM2skJtf0d+wDUKlNc=,f7G2UmHJsfVZS0yHOKm8LeO3Lro=
6,24,iLOAuXQlvwk9ZA0eiD+pncDpPmg=,inMIQkAEbI1BiDlOJKlDQeffd8c=
9,16,Tz2rcXAsLsM2skJtf0d+wDUKlNc=,f7G2UmHJsfVZS0yHOKm8LeO3Lro=
3,16,iLOAuXQlvwk9ZA0eiD+pncDpPmg=,74Q4a9X3N72AnGc/p0kdf1fd07c=
8,16,Tz2rcXAsLsM2skJtf0d+wDUKlNc=,f7G2UmHJsfVZS0yHOKm8LeO3Lro=
2,19,iLOAuXQlvwk9ZA0eiD+pncDpPmg=,74Q4a9X3N72AnGc/p0kdf1fd07c=
2,17,iLOAuXQlvwk9ZA0eiD+pncDpPmg=,74Q4a9X3N72AnGc/p0kdf1fd07c=
1,20,iLOAuXQlvwk9ZA0eiD+pncDpPmg=,74Q4a9X3N72AnGc/p0kdf1fd07c=
3,17,iLOAuXQlvwk9ZA0eiD+pncDpPmg=,74Q4a9X3N72AnGc/p0kdf1fd07c=
0,16,iLOAuXQlvwk9ZA0eiD+pncDpPmg=,74Q4a9X3N72AnGc/p0kdf1fd07c=
6,19,iLOAuXQlvwk9ZA0eiD+pncDpPmg=,74Q4a9X3N72AnGc/p0kdf1fd07c=
7,19,iLOAuXQlvwk9ZA0eiD+pncDpPmg=,74Q4a9X3N72AnGc/p0kdf1fd07c=
9,22,Tz2rcXAsLsM2skJtf0d+wDUKlNc=,f7G2UmHJsfVZS0yHOKm8LeO3Lro=
0,20,iLOAuXQlvwk9ZA0eiD+pncDpPmg=,74Q4a9X3N72AnGc/p0kdf1fd07c=
8,21,Tz2rcXAsLsM2skJtf0d+wDUKlNc=,f7G2UmHJsfVZS0yHOKm8LeO3Lro=
10,26,iLOAuXQlvwk9ZA0eiD+pncDpPmg=,t7O4QkIpxG7eJabusmlFEoVpgTM=
1,19,iLOAuXQlvwk9ZA0eiD+pncDpPmg=,74Q4a9X3N72AnGc/p0kdf1fd07c=
9,26,iLOAuXQlvwk9ZA0eiD+pncDpPmg=,t7O4QkIpxG7eJabusmlFEoVpgTM=
8,26,iLOAuXQlvwk9ZA0eiD+pncDpPmg=,t7O4QkIpxG7eJabusmlFEoVpgTM=
2,21,iLOAuXQlvwk9ZA0eiD+pncDpPmg=,74Q4a9X3N72AnGc/p0kdf1fd07c=
5,24,iLOAuXQlvwk9ZA0eiD+pncDpPmg=,inMIQkAEbI1BiDlOJKlDQeffd8c=
4,24,iLOAuXQlvwk9ZA0eiD+pncDpPmg=,inMIQkAEbI1BiDlOJKlDQeffd8c=
10,22,Tz2rcXAsLsM2skJtf0d+wDUKlNc=,f7G2UmHJsfVZS0yHOKm8LeO3Lro=
3,24,iLOAuXQlvwk9ZA0eiD+pncDpPmg=,inMIQkAEbI1BiDlOJKlDQeffd8c=
6,23,iLOAuXQlvwk9ZA0eiD+pncDpPmg=,74Q4a9X3N72AnGc/p0kdf1fd07c=
3,21,iLOAuXQlvwk9ZA0eiD+pncDpPmg=,74Q4a9X3N72AnGc/p0kdf1fd07c=
6,21,iLOAuXQlvwk9ZA0eiD+pncDpPmg=,74Q4a9X3N72AnGc/p0kdf1fd07c=
1,16,iLOAuXQlvwk9ZA0eiD+pncDpPmg=,74Q4a9X3N72AnGc/p0kdf1fd07c=
4,21,iLOAuXQlvwk9ZA0eiD+pncDpPmg=,74Q4a9X3N72AnGc/p0kdf1fd07c=
5,21,iLOAuXQlvwk9ZA0eiD+pncDpPmg=,74Q4a9X3N72AnGc/p0kdf1fd07c=
2,16,iLOAuXQlvwk9ZA0eiD+pncDpPmg=,74Q4a9X3N72AnGc/p0kdf1fd07c=
28,19,YnvsCqxnXP5K0VGmswJ2CXiylrQ=,J/OtzQcPTxqhQ9EzDtxSf9QBrd8=
27,20,YnvsCqxnXP5K0VGmswJ2CXiylrQ=,J/OtzQcPTxqhQ9EzDtxSf9QBrd8=
28,20,YnvsCqxnXP5K0VGmswJ2CXiylrQ=,J/OtzQcPTxqhQ9EzDtxSf9QBrd8=
27,19,YnvsCqxnXP5K0VGmswJ2CXiylrQ=,J/OtzQcPTxqhQ9EzDtxSf9QBrd8=
29,19,YnvsCqxnXP5K0VGmswJ2CXiylrQ=,J/OtzQcPTxqhQ9EzDtxSf9QBrd8=
30,19,YnvsCqxnXP5K0VGmswJ2CXiylrQ=,J/OtzQcPTxqhQ9EzDtxSf9QBrd8=
31,19,YnvsCqxnXP5K0VGmswJ2CXiylrQ=,J/OtzQcPTxqhQ9EzDtxSf9QBrd8=
29,20,YnvsCqxnXP5K0VGmswJ2CXiylrQ=,J/OtzQcPTxqhQ9EzDtxSf9QBrd8=
30,20,YnvsCqxnXP5K0VGmswJ2CXiylrQ=,J/OtzQcPTxqhQ9EzDtxSf9QBrd8=
31,20,YnvsCqxnXP5K0VGmswJ2CXiylrQ=,J/OtzQcPTxqhQ9EzDtxSf9QBrd8=
19,19,aN1Ij1taUMbjooD2wCm6wMVxRYI=,5xfqx2XERO0NNhsM6slL/bYZoKE=
20,19,aN1Ij1taUMbjooD2wCm6wMVxRYI=,5xfqx2XERO0NNhsM6slL/bYZoKE=
21,19,aN1Ij1taUMbjooD2wCm6wMVxRYI=,5xfqx2XERO0NNhsM6slL/bYZoKE=
20,20,aN1Ij1taUMbjooD2wCm6wMVxRYI=,5xfqx2XERO0NNhsM6slL/bYZoKE=
21,20,aN1Ij1taUMbjooD2wCm6wMVxRYI=,5xfqx2XERO0NNhsM6slL/bYZoKE=
22,20,aN1Ij1taUMbjooD2wCm6wMVxRYI=,5xfqx2XERO0NNhsM6slL/bYZoKE=
24,20,YnvsCqxnXP5K0VGmswJ2CXiylrQ=,J/OtzQcPTxqhQ9EzDtxSf9QBrd8=
25,20,YnvsCqxnXP5K0VGmswJ2CXiylrQ=,J/OtzQcPTxqhQ9EzDtxSf9QBrd8=
26,20,YnvsCqxnXP5K0VGmswJ2CXiylrQ=,J/OtzQcPTxqhQ9EzDtxSf9QBrd8=
22,19,aN1Ij1taUMbjooD2wCm6wMVxRYI=,5xfqx2XERO0NNhsM6slL/bYZoKE=
23,19,aN1Ij1taUMbjooD2wCm6wMVxRYI=,5xfqx2XERO0NNhsM6slL/bYZoKE=
23,20,aN1Ij1taUMbjooD2wCm6wMVxRYI=,5xfqx2XERO0NNhsM6slL/bYZoKE=
19,20,aN1Ij1taUMbjooD2wCm6wMVxRYI=,5xfqx2XERO0NNhsM6slL/bYZoKE=
24,19,YnvsCqxnXP5K0VGmswJ2CXiylrQ=,J/OtzQcPTxqhQ9EzDtxSf9QBrd8=
25,19,YnvsCqxnXP5K0VGmswJ2CXiylrQ=,J/OtzQcPTxqhQ9EzDtxSf9QBrd8=
26,19,YnvsCqxnXP5K0VGmswJ2CXiylrQ=,J/OtzQcPTxqhQ9EzDtxSf9QBrd8=
16,20,aN1Ij1taUMbjooD2wCm6wMVxRYI=,5xfqx2XERO0NNhsM6slL/bYZoKE=
16,19,aN1Ij1taUMbjooD2wCm6wMVxRYI=,5xfqx2XERO0NNhsM6slL/bYZoKE=
17,19,aN1Ij1taUMbjooD2wCm6wMVxRYI=,5xfqx2XERO0NNhsM6slL/bYZoKE=
18,19,aN1Ij1taUMbjooD2wCm6wMVxRYI=,5xfqx2XERO0NNhsM6slL/bYZoKE=
17,20,aN1Ij1taUMbjooD2wCm6wMVxRYI=,5xfqx2XERO0NNhsM6slL/bYZoKE=
18,20,aN1Ij1taUMbjooD2wCm6wMVxRYI=,5xfqx2XERO0NNhsM6slL/bYZoKE=
28,27,aN1Ij1taUMbjooD2wCm6wMVxRYI=,br4UgcOYdgdvfL+Of53CgUq9wDo=
28,23,1+5DUDs/h5IwPD1sVAKZ+e6XuIw=,J/OtzQcPTxqhQ9EzDtxSf9QBrd8=
29,27,aN1Ij1taUMbjooD2wCm6wMVxRYI=,br4UgcOYdgdvfL+Of53CgUq9wDo=
30,26,aN1Ij1taUMbjooD2wCm6wMVxRYI=,br4UgcOYdgdvfL+Of53CgUq9wDo=
30,27,aN1Ij1taUMbjooD2wCm6wMVxRYI=,br4UgcOYdgdvfL+Of53CgUq9wDo=
31,27,aN1Ij1taUMbjooD2wCm6wMVxRYI=,br4UgcOYdgdvfL+Of53CgUq9wDo=
28,21,1+5DUDs/h5IwPD1sVAKZ+e6XuIw=,J/OtzQcPTxqhQ9EzDtxSf9QBrd8=
27,28,aN1Ij1taUMbjooD2wCm6wMVxRYI=,br4UgcOYdgdvfL+Of53CgUq9wDo=
28,28,aN1Ij1taUMbjooD2wCm6wMVxRYI=,br4UgcOYdgdvfL+Of53CgUq9wDo=
29,28,aN1Ij1taUMbjooD2wCm6wMVxRYI=,br4UgcOYdgdvfL+Of53CgUq9wDo=
30,28,aN1Ij1taUMbjooD2wCm6wMVxRYI=,br4UgcOYdgdvfL+Of53CgUq9wDo=
31,28,aN1Ij1taUMbjooD2wCm6wMVxRYI=,br4UgcOYdgdvfL+Of53CgUq9wDo=
31,26,aN1Ij1taUMbjooD2wCm6wMVxRYI=,br4UgcOYdgdvfL+Of53CgUq9wDo=
29,23,1+5DUDs/h5IwPD1sVAKZ+e6XuIw=,J/OtzQcPTxqhQ9EzDtxSf9QBrd8=
30,23,1+5DUDs/h5IwPD1sVAKZ+e6XuIw=,J/OtzQcPTxqhQ9EzDtxSf9QBrd8=
29,21,1+5DUDs/h5IwPD1sVAKZ+e6XuIw=,J/OtzQcPTxqhQ9EzDtxSf9QBrd8=
30,21,1+5DUDs/h5IwPD1sVAKZ+e6XuIw=,J/OtzQcPTxqhQ9EzDtxSf9QBrd8=
27,24,aN1Ij1taUMbjooD2wCm6wMVxRYI=,br4UgcOYdgdvfL+Of53CgUq9wDo=
31,21,1+5DUDs/h5IwPD1sVAKZ+e6XuIw=,J/OtzQcPTxqhQ9EzDtxSf9QBrd8=
28,24,aN1Ij1taUMbjooD2wCm6wMVxRYI=,br4UgcOYdgdvfL+Of53CgUq9wDo=
29,24,aN1Ij1taUMbjooD2wCm6wMVxRYI=,br4UgcOYdgdvfL+Of53CgUq9wDo=
30,24,aN1Ij1taUMbjooD2wCm6wMVxRYI=,br4UgcOYdgdvfL+Of53CgUq9wDo=
27,22,1+5DUDs/h5IwPD1sVAKZ+e6XuIw=,J/OtzQcPTxqhQ9EzDtxSf9QBrd8=
28,22,1+5DUDs/h5IwPD1sVAKZ+e6XuIw=,J/OtzQcPTxqhQ9EzDtxSf9QBrd8=
31,24,aN1Ij1taUMbjooD2wCm6wMVxRYI=,br4UgcOYdgdvfL+Of53CgUq9wDo=
27,25,aN1Ij1taUMbjooD2wCm6wMVxRYI=,br4UgcOYdgdvfL+Of53CgUq9wDo=
28,25,aN1Ij1taUMbjooD2wCm6wMVxRYI=,br4UgcOYdgdvfL+Of53CgUq9wDo=
29,22,1+5DUDs/h5IwPD1sVAKZ+e6XuIw=,J/OtzQcPTxqhQ9EzDtxSf9QBrd8=
30,22,1+5DUDs/h5IwPD1sVAKZ+e6XuIw=,J/OtzQcPTxqhQ9EzDtxSf9QBrd8=
29,25,aN1Ij1taUMbjooD2wCm6wMVxRYI=,br4UgcOYdgdvfL+Of53CgUq9wDo=
30,25,aN1Ij1taUMbjooD2wCm6wMVxRYI=,br4UgcOYdgdvfL+Of53CgUq9wDo=
31,25,aN1Ij1taUMbjooD2wCm6wMVxRYI=,br4UgcOYdgdvfL+Of53CgUq9wDo=
31,22,1+5DUDs/h5IwPD1sVAKZ+e6XuIw=,J/OtzQcPTxqhQ9EzDtxSf9QBrd8=
27,27,aN1Ij1taUMbjooD2wCm6wMVxRYI=,br4UgcOYdgdvfL+Of53CgUq9wDo=
27,26,aN1Ij1taUMbjooD2wCm6wMVxRYI=,br4UgcOYdgdvfL+Of53CgUq9wDo=
28,26,aN1Ij1taUMbjooD2wCm6wMVxRYI=,br4UgcOYdgdvfL+Of53CgUq9wDo=
27,23,1+5DUDs/h5IwPD1sVAKZ+e6XuIw=,J/OtzQcPTxqhQ9EzDtxSf9QBrd8=
27,21,1+5DUDs/h5IwPD1sVAKZ+e6XuIw=,J/OtzQcPTxqhQ9EzDtxSf9QBrd8=
29,26,aN1Ij1taUMbjooD2wCm6wMVxRYI=,br4UgcOYdgdvfL+Of53CgUq9wDo=
31,23,1+5DUDs/h5IwPD1sVAKZ+e6XuIw=,J/OtzQcPTxqhQ9EzDtxSf9QBrd8=
19,17,aN1Ij1taUMbjooD2wCm6wMVxRYI=,5xfqx2XERO0NNhsM6slL/bYZoKE=
20,17,aN1Ij1taUMbjooD2wCm6wMVxRYI=,5xfqx2XERO0NNhsM6slL/bYZoKE=
19,16,aN1Ij1taUMbjooD2wCm6wMVxRYI=,5xfqx2XERO0NNhsM6slL/bYZoKE=
19,18,aN1Ij1taUMbjooD2wCm6wMVxRYI=,5xfqx2XERO0NNhsM6slL/bYZoKE=
20,16,aN1Ij1taUMbjooD2wCm6wMVxRYI=,5xfqx2XERO0NNhsM6slL/bYZoKE=
20,18,aN1Ij1taUMbjooD2wCm6wMVxRYI=,5xfqx2XERO0NNhsM6slL/bYZoKE=
24,16,1+5DUDs/h5IwPD1sVAKZ+e6XuIw=,J/OtzQcPTxqhQ9EzDtxSf9QBrd8=
25,16,1+5DUDs/h5IwPD1sVAKZ+e6XuIw=,J/OtzQcPTxqhQ9EzDtxSf9QBrd8=
26,16,1+5DUDs/h5IwPD1sVAKZ+e6XuIw=,J/OtzQcPTxqhQ9EzDtxSf9QBrd8=
27,16,1+5DUDs/h5IwPD1sVAKZ+e6XuIw=,J/OtzQcPTxqhQ9EzDtxSf9QBrd8=
28,16,1+5DUDs/h5IwPD1sVAKZ+e6XuIw=,J/OtzQcPTxqhQ9EzDtxSf9QBrd8=
17,17,aN1Ij1taUMbjooD2wCm6wMVxRYI=,5xfqx2XERO0NNhsM6slL/bYZoKE=
18,17,aN1Ij1taUMbjooD2wCm6wMVxRYI=,5xfqx2XERO0NNhsM6slL/bYZoKE=
16,16,aN1Ij1taUMbjooD2wCm6wMVxRYI=,5xfqx2XERO0NNhsM6slL/bYZoKE=
17,16,aN1Ij1taUMbjooD2wCm6wMVxRYI=,5xfqx2XERO0NNhsM6slL/bYZoKE=
18,18,aN1Ij1taUMbjooD2wCm6wMVxRYI=,5xfqx2XERO0NNhsM6slL/bYZoKE=
18,16,aN1Ij1taUMbjooD2wCm6wMVxRYI=,5xfqx2XERO0NNhsM6slL/bYZoKE=
16,17,aN1Ij1taUMbjooD2wCm6wMVxRYI=,5xfqx2XERO0NNhsM6slL/bYZoKE=
16,18,aN1Ij1taUMbjooD2wCm6wMVxRYI=,5xfqx2XERO0NNhsM6slL/bYZoKE=
17,18,aN1Ij1taUMbjooD2wCm6wMVxRYI=,5xfqx2XERO0NNhsM6slL/bYZoKE=
21,16,aN1Ij1taUMbjooD2wCm6wMVxRYI=,5xfqx2XERO0NNhsM6slL/bYZoKE=
24,17,1+5DUDs/h5IwPD1sVAKZ+e6XuIw=,J/OtzQcPTxqhQ9EzDtxSf9QBrd8=
25,17,1+5DUDs/h5IwPD1sVAKZ+e6XuIw=,J/OtzQcPTxqhQ9EzDtxSf9QBrd8=
26,17,1+5DUDs/h5IwPD1sVAKZ+e6XuIw=,J/OtzQcPTxqhQ9EzDtxSf9QBrd8=
27,17,1+5DUDs/h5IwPD1sVAKZ+e6XuIw=,J/OtzQcPTxqhQ9EzDtxSf9QBrd8=
28,17,1+5DUDs/h5IwPD1sVAKZ+e6XuIw=,J/OtzQcPTxqhQ9EzDtxSf9QBrd8=
21,18,aN1Ij1taUMbjooD2wCm6wMVxRYI=,5xfqx2XERO0NNhsM6slL/bYZoKE=
22,18,aN1Ij1taUMbjooD2wCm6wMVxRYI=,5xfqx2XERO0NNhsM6slL/bYZoKE=
23,18,aN1Ij1taUMbjooD2wCm6wMVxRYI=,5xfqx2XERO0NNhsM6slL/bYZoKE=
24,18,1+5DUDs/h5IwPD1sVAKZ+e6XuIw=,J/OtzQcPTxqhQ9EzDtxSf9QBrd8=
25,18,1+5DUDs/h5IwPD1sVAKZ+e6XuIw=,J/OtzQcPTxqhQ9EzDtxSf9QBrd8=
26,18,1+5DUDs/h5IwPD1sVAKZ+e6XuIw=,J/OtzQcPTxqhQ9EzDtxSf9QBrd8=
27,18,1+5DUDs/h5IwPD1sVAKZ+e6XuIw=,J/OtzQcPTxqhQ9EzDtxSf9QBrd8=
28,18,1+5DUDs/h5IwPD1sVAKZ+e6XuIw=,J/OtzQcPTxqhQ9EzDtxSf9QBrd8=
22,16,aN1Ij1taUMbjooD2wCm6wMVxRYI=,5xfqx2XERO0NNhsM6slL/bYZoKE=
23,16,aN1Ij1taUMbjooD2wCm6wMVxRYI=,5xfqx2XERO0NNhsM6slL/bYZoKE=
21,17,aN1Ij1taUMbjooD2wCm6wMVxRYI=,5xfqx2XERO0NNhsM6slL/bYZoKE=
22,17,aN1Ij1taUMbjooD2wCm6wMVxRYI=,5xfqx2XERO0NNhsM6slL/bYZoKE=
23,17,aN1Ij1taUMbjooD2wCm6wMVxRYI=,5xfqx2XERO0NNhsM6slL/bYZoKE=
29,16,1+5DUDs/h5IwPD1sVAKZ+e6XuIw=,J/OtzQcPTxqhQ9EzDtxSf9QBrd8=
30,16,1+5DUDs/h5IwPD1sVAKZ+e6XuIw=,J/OtzQcPTxqhQ9EzDtxSf9QBrd8=
31,16,1+5DUDs/h5IwPD1sVAKZ+e6XuIw=,J/OtzQcPTxqhQ9EzDtxSf9QBrd8=
29,17,1+5DUDs/h5IwPD1sVAKZ+e6XuIw=,J/OtzQcPTxqhQ9EzDtxSf9QBrd8=
30,17,1+5DUDs/h5IwPD1sVAKZ+e6XuIw=,J/OtzQcPTxqhQ9EzDtxSf9QBrd8=
31,17,1+5DUDs/h5IwPD1sVAKZ+e6XuIw=,J/OtzQcPTxqhQ9EzDtxSf9QBrd8=
29,18,1+5DUDs/h5IwPD1sVAKZ+e6XuIw=,J/OtzQcPTxqhQ9EzDtxSf9QBrd8=
30,18,1+5DUDs/h5IwPD1sVAKZ+e6XuIw=,J/OtzQcPTxqhQ9EzDtxSf9QBrd8=
31,18,1+5DUDs/h5IwPD1sVAKZ+e6XuIw=,J/OtzQcPTxqhQ9EzDtxSf9QBrd8=
27,29,aN1Ij1taUMbjooD2wCm6wMVxRYI=,br4UgcOYdgdvfL+Of53CgUq9wDo=
28,29,aN1Ij1taUMbjooD2wCm6wMVxRYI=,br4UgcOYdgdvfL+Of53CgUq9wDo=
29,29,aN1Ij1taUMbjooD2wCm6wMVxRYI=,br4UgcOYdgdvfL+Of53CgUq9wDo=
30,29,aN1Ij1taUMbjooD2wCm6wMVxRYI=,br4UgcOYdgdvfL+Of53CgUq9wDo=
31,29,aN1Ij1taUMbjooD2wCm6wMVxRYI=,br4UgcOYdgdvfL+Of53CgUq9wDo=
27,30,aN1Ij1taUMbjooD2wCm6wMVxRYI=,br4UgcOYdgdvfL+Of53CgUq9wDo=
28,30,aN1Ij1taUMbjooD2wCm6wMVxRYI=,br4UgcOYdgdvfL+Of53CgUq9wDo=
29,30,aN1Ij1taUMbjooD2wCm6wMVxRYI=,br4UgcOYdgdvfL+Of53CgUq9wDo=
30,30,aN1Ij1taUMbjooD2wCm6wMVxRYI=,br4UgcOYdgdvfL+Of53CgUq9wDo=
31,30,aN1Ij1taUMbjooD2wCm6wMVxRYI=,br4UgcOYdgdvfL+Of53CgUq9wDo=
27,31,aN1Ij1taUMbjooD2wCm6wMVxRYI=,br4UgcOYdgdvfL+Of53CgUq9wDo=
28,31,aN1Ij1taUMbjooD2wCm6wMVxRYI=,br4UgcOYdgdvfL+Of53CgUq9wDo=
29,31,aN1Ij1taUMbjooD2wCm6wMVxRYI=,br4UgcOYdgdvfL+Of53CgUq9wDo=
30,31,aN1Ij1taUMbjooD2wCm6wMVxRYI=,br4UgcOYdgdvfL+Of53CgUq9wDo=
31,31,aN1Ij1taUMbjooD2wCm6wMVxRYI=,br4UgcOYdgdvfL+Of53CgUq9wDo=
26,21,xQfaKHRdlUJLYRyDRKAqIn1Aqhw=,J/OtzQcPTxqhQ9EzDtxSf9QBrd8=
19,29,aN1Ij1taUMbjooD2wCm6wMVxRYI=,N3s8gPDixs6Pqv/uQSGz0NxAzuw=
16,28,aN1Ij1taUMbjooD2wCm6wMVxRYI=,N3s8gPDixs6Pqv/uQSGz0NxAzuw=
16,22,aN1Ij1taUMbjooD2wCm6wMVxRYI=,5xfqx2XERO0NNhsM6slL/bYZoKE=
17,22,aN1Ij1taUMbjooD2wCm6wMVxRYI=,5xfqx2XERO0NNhsM6slL/bYZoKE=
24,28,aN1Ij1taUMbjooD2wCm6wMVxRYI=,br4UgcOYdgdvfL+Of53CgUq9wDo=
25,28,aN1Ij1taUMbjooD2wCm6wMVxRYI=,br4UgcOYdgdvfL+Of53CgUq9wDo=
18,22,aN1Ij1taUMbjooD2wCm6wMVxRYI=,5xfqx2XERO0NNhsM6slL/bYZoKE=
26,28,aN1Ij1taUMbjooD2wCm6wMVxRYI=,br4UgcOYdgdvfL+Of53CgUq9wDo=
16,25,aN1Ij1taUMbjooD2wCm6wMVxRYI=,N3s8gPDixs6Pqv/uQSGz0NxAzuw=
24,29,aN1Ij1taUMbjooD2wCm6wMVxRYI=,br4UgcOYdgdvfL+Of53CgUq9wDo=
25,29,aN1Ij1taUMbjooD2wCm6wMVxRYI=,br4UgcOYdgdvfL+Of53CgUq9wDo=
19,22,aN1Ij1taUMbjooD2wCm6wMVxRYI=,5xfqx2XERO0NNhsM6slL/bYZoKE=
17,25,aN1Ij1taUMbjooD2wCm6wMVxRYI=,N3s8gPDixs6Pqv/uQSGz0NxAzuw=
26,29,aN1Ij1taUMbjooD2wCm6wMVxRYI=,br4UgcOYdgdvfL+Of53CgUq9wDo=
20,22,aN1Ij1taUMbjooD2wCm6wMVxRYI=,5xfqx2XERO0NNhsM6slL/bYZoKE=
18,25,aN1Ij1taUMbjooD2wCm6wMVxRYI=,N3s8gPDixs6Pqv/uQSGz0NxAzuw=
21,22,aN1Ij1taUMbjooD2wCm6wMVxRYI=,5xfqx2XERO0NNhsM6slL/bYZoKE=
25,21,gW3uagmkWuvz4uLeVUkIMysm1xs=,J/OtzQcPTxqhQ9EzDtxSf9QBrd8=
23,27,aN1Ij1taUMbjooD2wCm6wMVxRYI=,N3s8gPDixs6Pqv/uQSGz0NxAzuw=
22,27,aN1Ij1taUMbjooD2wCm6wMVxRYI=,N3s8gPDixs6Pqv/uQSGz0NxAzuw=
24,24,aN1Ij1taUMbjooD2wCm6wMVxRYI=,br4UgcOYdgdvfL+Of53CgUq9wDo=
20,29,aN1Ij1taUMbjooD2wCm6wMVxRYI=,N3s8gPDixs6Pqv/uQSGz0NxAzuw=
21,28,aN1Ij1taUMbjooD2wCm6wMVxRYI=,N3s8gPDixs6Pqv/uQSGz0NxAzuw=
26,26,aN1Ij1taUMbjooD2wCm6wMVxRYI=,br4UgcOYdgdvfL+Of53CgUq9wDo=
20,27,aN1Ij1taUMbjooD2wCm6wMVxRYI=,N3s8gPDixs6Pqv/uQSGz0NxAzuw=
25,26,aN1Ij1taUMbjooD2wCm6wMVxRYI=,br4UgcOYdgdvfL+Of53CgUq9wDo=
26,23,gW3uagmkWuvz4uLeVUkIMysm1xs=,J/OtzQcPTxqhQ9EzDtxSf9QBrd8=
19,31,aN1Ij1taUMbjooD2wCm6wMVxRYI=,N3s8gPDixs6Pqv/uQSGz0NxAzuw=
21,27,aN1Ij1taUMbjooD2wCm6wMVxRYI=,N3s8gPDixs6Pqv/uQSGz0NxAzuw=
18,31,aN1Ij1taUMbjooD2wCm6wMVxRYI=,N3s8gPDixs6Pqv/uQSGz0NxAzuw=
26,27,aN1Ij1taUMbjooD2wCm6wMVxRYI=,br4UgcOYdgdvfL+Of53CgUq9wDo=
19,27,aN1Ij1taUMbjooD2wCm6wMVxRYI=,N3s8gPDixs6Pqv/uQSGz0NxAzuw=
22,28,aN1Ij1taUMbjooD2wCm6wMVxRYI=,N3s8gPDixs6Pqv/uQSGz0NxAzuw=
19,25,aN1Ij1taUMbjooD2wCm6wMVxRYI=,N3s8gPDixs6Pqv/uQSGz0NxAzuw=
25,23,gW3uagmkWuvz4uLeVUkIMysm1xs=,J/OtzQcPTxqhQ9EzDtxSf9QBrd8=
23,24,aN1Ij1taUMbjooD2wCm6wMVxRYI=,N3s8gPDixs6Pqv/uQSGz0NxAzuw=
17,31,aN1Ij1taUMbjooD2wCm6wMVxRYI=,N3s8gPDixs6Pqv/uQSGz0NxAzuw=
16,31,aN1Ij1taUMbjooD2wCm6wMVxRYI=,N3s8gPDixs6Pqv/uQSGz0NxAzuw=
25,24,aN1Ij1taUMbjooD2wCm6wMVxRYI=,br4UgcOYdgdvfL+Of53CgUq9wDo=
18,21,aN1Ij1taUMbjooD2wCm6wMVxRYI=,5xfqx2XERO0NNhsM6slL/bYZoKE=
19,21,aN1Ij1taUMbjooD2wCm6wMVxRYI=,5xfqx2XERO0NNhsM6slL/bYZoKE=
20,21,aN1Ij1taUMbjooD2wCm6wMVxRYI=,5xfqx2XERO0NNhsM6slL/bYZoKE=
22,24,aN1Ij1taUMbjooD2wCm6wMVxRYI=,N3s8gPDixs6Pqv/uQSGz0NxAzuw=
24,30,aN1Ij1taUMbjooD2wCm6wMVxRYI=,br4UgcOYdgdvfL+Of53CgUq9wDo=
22,22,aN1Ij1taUMbjooD2wCm6wMVxRYI=,5xfqx2XERO0NNhsM6slL/bYZoKE=
25,30,aN1Ij1taUMbjooD2wCm6wMVxRYI=,br4UgcOYdgdvfL+Of53CgUq9wDo=
26,30,aN1Ij1taUMbjooD2wCm6wMVxRYI=,br4UgcOYdgdvfL+Of53CgUq9wDo=
23,22,aN1Ij1taUMbjooD2wCm6wMVxRYI=,5xfqx2XERO0NNhsM6slL/bYZoKE=
20,25,aN1Ij1taUMbjooD2wCm6wMVxRYI=,N3s8gPDixs6Pqv/uQSGz0NxAzuw=
16,23,aN1Ij1taUMbjooD2wCm6wMVxRYI=,5xfqx2XERO0NNhsM6slL/bYZoKE=
23,30,aN1Ij1taUMbjooD2wCm6wMVxRYI=,N3s8gPDixs6Pqv/uQSGz0NxAzuw=
21,29,aN1Ij1taUMbjooD2wCm6wMVxRYI=,N3s8gPDixs6Pqv/uQSGz0NxAzuw=
22,30,aN1Ij1taUMbjooD2wCm6wMVxRYI=,N3s8gPDixs6Pqv/uQSGz0NxAzuw=
20,30,aN1Ij1taUMbjooD2wCm6wMVxRYI=,N3s8gPDixs6Pqv/uQSGz0NxAzuw=
22,29,aN1Ij1taUMbjooD2wCm6wMVxRYI=,N3s8gPDixs6Pqv/uQSGz0NxAzuw=
21,21,aN1Ij1taUMbjooD2wCm6wMVxRYI=,5xfqx2XERO0NNhsM6slL/bYZoKE=
24,23,gW3uagmkWuvz4uLeVUkIMysm1xs=,J/OtzQcPTxqhQ9EzDtxSf9QBrd8=
19,30,aN1Ij1taUMbjooD2wCm6wMVxRYI=,N3s8gPDixs6Pqv/uQSGz0NxAzuw=
21,30,aN1Ij1taUMbjooD2wCm6wMVxRYI=,N3s8gPDixs6Pqv/uQSGz0NxAzuw=
23,28,aN1Ij1taUMbjooD2wCm6wMVxRYI=,N3s8gPDixs6Pqv/uQSGz0NxAzuw=
16,29,aN1Ij1taUMbjooD2wCm6wMVxRYI=,N3s8gPDixs6Pqv/uQSGz0NxAzuw=
21,24,aN1Ij1taUMbjooD2wCm6wMVxRYI=,N3s8gPDixs6Pqv/uQSGz0NxAzuw=
20,24,aN1Ij1taUMbjooD2wCm6wMVxRYI=,N3s8gPDixs6Pqv/uQSGz0NxAzuw=
26,24,aN1Ij1taUMbjooD2wCm6wMVxRYI=,br4UgcOYdgdvfL+Of53CgUq9wDo=
22,31,aN1Ij1taUMbjooD2wCm6wMVxRYI=,N3s8gPDixs6Pqv/uQSGz0NxAzuw=
23,31,aN1Ij1taUMbjooD2wCm6wMVxRYI=,N3s8gPDixs6Pqv/uQSGz0NxAzuw=
19,24,aN1Ij1taUMbjooD2wCm6wMVxRYI=,N3s8gPDixs6Pqv/uQSGz0NxAzuw=
18,27,aN1Ij1taUMbjooD2wCm6wMVxRYI=,N3s8gPDixs6Pqv/uQSGz0NxAzuw=
18,24,aN1Ij1taUMbjooD2wCm6wMVxRYI=,N3s8gPDixs6Pqv/uQSGz0NxAzuw=
17,27,aN1Ij1taUMbjooD2wCm6wMVxRYI=,N3s8gPDixs6Pqv/uQSGz0NxAzuw=
16,27,aN1Ij1taUMbjooD2wCm6wMVxRYI=,N3s8gPDixs6Pqv/uQSGz0NxAzuw=
20,28,aN1Ij1taUMbjooD2wCm6wMVxRYI=,N3s8gPDixs6Pqv/uQSGz0NxAzuw=
17,21,aN1Ij1taUMbjooD2wCm6wMVxRYI=,5xfqx2XERO0NNhsM6slL/bYZoKE=
24,26,aN1Ij1taUMbjooD2wCm6wMVxRYI=,br4UgcOYdgdvfL+Of53CgUq9wDo=
16,21,aN1Ij1taUMbjooD2wCm6wMVxRYI=,5xfqx2XERO0NNhsM6slL/bYZoKE=
19,28,aN1Ij1taUMbjooD2wCm6wMVxRYI=,N3s8gPDixs6Pqv/uQSGz0NxAzuw=
18,30,aN1Ij1taUMbjooD2wCm6wMVxRYI=,N3s8gPDixs6Pqv/uQSGz0NxAzuw=
23,26,aN1Ij1taUMbjooD2wCm6wMVxRYI=,N3s8gPDixs6Pqv/uQSGz0NxAzuw=
22,26,aN1Ij1taUMbjooD2wCm6wMVxRYI=,N3s8gPDixs6Pqv/uQSGz0NxAzuw=
21,25,aN1Ij1taUMbjooD2wCm6wMVxRYI=,N3s8gPDixs6Pqv/uQSGz0NxAzuw=
22,21,aN1Ij1taUMbjooD2wCm6wMVxRYI=,5xfqx2XERO0NNhsM6slL/bYZoKE=
17,23,aN1Ij1taUMbjooD2wCm6wMVxRYI=,5xfqx2XERO0NNhsM6slL/bYZoKE=
17,29,aN1Ij1taUMbjooD2wCm6wMVxRYI=,N3s8gPDixs6Pqv/uQSGz0NxAzuw=
18,23,aN1Ij1taUMbjooD2wCm6wMVxRYI=,5xfqx2XERO0NNhsM6slL/bYZoKE=
19,23,aN1Ij1taUMbjooD2wCm6wMVxRYI=,5xfqx2XERO0NNhsM6slL/bYZoKE=
20,26,aN1Ij1taUMbjooD2wCm6wMVxRYI=,N3s8gPDixs6Pqv/uQSGz0NxAzuw=
17,30,aN1Ij1taUMbjooD2wCm6wMVxRYI=,N3s8gPDixs6Pqv/uQSGz0NxAzuw=
21,26,aN1Ij1taUMbjooD2wCm6wMVxRYI=,N3s8gPDixs6Pqv/uQSGz0NxAzuw=
26,25,aN1Ij1taUMbjooD2wCm6wMVxRYI=,br4UgcOYdgdvfL+Of53CgUq9wDo=
22,25,aN1Ij1taUMbjooD2wCm6wMVxRYI=,N3s8gPDixs6Pqv/uQSGz0NxAzuw=
20,23,aN1Ij1taUMbjooD2wCm6wMVxRYI=,5xfqx2XERO0NNhsM6slL/bYZoKE=
24,25,aN1Ij1taUMbjooD2wCm6wMVxRYI=,br4UgcOYdgdvfL+Of53CgUq9wDo=
19,26,aN1Ij1taUMbjooD2wCm6wMVxRYI=,N3s8gPDixs6Pqv/uQSGz0NxAzuw=
18,26,aN1Ij1taUMbjooD2wCm6wMVxRYI=,N3s8gPDixs6Pqv/uQSGz0NxAzuw=
18,29,aN1Ij1taUMbjooD2wCm6wMVxRYI=,N3s8gPDixs6Pqv/uQSGz0NxAzuw=
17,24,aN1Ij1taUMbjooD2wCm6wMVxRYI=,N3s8gPDixs6Pqv/uQSGz0NxAzuw=
16,24,aN1Ij1taUMbjooD2wCm6wMVxRYI=,N3s8gPDixs6Pqv/uQSGz0NxAzuw=
23,23,aN1Ij1taUMbjooD2wCm6wMVxRYI=,5xfqx2XERO0NNhsM6slL/bYZoKE=
25,27,aN1Ij1taUMbjooD2wCm6wMVxRYI=,br4UgcOYdgdvfL+Of53CgUq9wDo=
16,30,aN1Ij1taUMbjooD2wCm6wMVxRYI=,N3s8gPDixs6Pqv/uQSGz0NxAzuw=
24,27,aN1Ij1taUMbjooD2wCm6wMVxRYI=,br4UgcOYdgdvfL+Of53CgUq9wDo=
23,25,aN1Ij1taUMbjooD2wCm6wMVxRYI=,N3s8gPDixs6Pqv/uQSGz0NxAzuw=
24,22,gW3uagmkWuvz4uLeVUkIMysm1xs=,J/OtzQcPTxqhQ9EzDtxSf9QBrd8=
16,26,aN1Ij1taUMbjooD2wCm6wMVxRYI=,N3s8gPDixs6Pqv/uQSGz0NxAzuw=
21,31,aN1Ij1taUMbjooD2wCm6wMVxRYI=,N3s8gPDixs6Pqv/uQSGz0NxAzuw=
20,31,aN1Ij1taUMbjooD2wCm6wMVxRYI=,N3s8gPDixs6Pqv/uQSGz0NxAzuw=
24,31,aN1Ij1taUMbjooD2wCm6wMVxRYI=,br4UgcOYdgdvfL+Of53CgUq9wDo=
25,31,aN1Ij1taUMbjooD2wCm6wMVxRYI=,br4UgcOYdgdvfL+Of53CgUq9wDo=
26,31,aN1Ij1taUMbjooD2wCm6wMVxRYI=,br4UgcOYdgdvfL+Of53CgUq9wDo=
17,26,aN1Ij1taUMbjooD2wCm6wMVxRYI=,N3s8gPDixs6Pqv/uQSGz0NxAzuw=
21,23,aN1Ij1taUMbjooD2wCm6wMVxRYI=,5xfqx2XERO0NNhsM6slL/bYZoKE=
17,28,aN1Ij1taUMbjooD2wCm6wMVxRYI=,N3s8gPDixs6Pqv/uQSGz0NxAzuw=
18,28,aN1Ij1taUMbjooD2wCm6wMVxRYI=,N3s8gPDixs6Pqv/uQSGz0NxAzuw=
25,22,gW3uagmkWuvz4uLeVUkIMysm1xs=,J/OtzQcPTxqhQ9EzDtxSf9QBrd8=
26,22,gW3uagmkWuvz4uLeVUkIMysm1xs=,J/OtzQcPTxqhQ9EzDtxSf9QBrd8=
23,21,aN1Ij1taUMbjooD2wCm6wMVxRYI=,5xfqx2XERO0NNhsM6slL/bYZoKE=
22,23,aN1Ij1taUMbjooD2wCm6wMVxRYI=,5xfqx2XERO0NNhsM6slL/bYZoKE=
24,21,gW3uagmkWuvz4uLeVUkIMysm1xs=,J/OtzQcPTxqhQ9EzDtxSf9QBrd8=
25,25,aN1Ij1taUMbjooD2wCm6wMVxRYI=,br4UgcOYdgdvfL+Of53CgUq9wDo=
23,29,aN1Ij1taUMbjooD2wCm6wMVxRYI=,N3s8gPDixs6Pqv/uQSGz0NxAzuw=
28,3,oo1FA5bK2MNrLgHbhgoTE7+XU9M=,4GPs8IpsUun01txFEd8sdiwufV8=
27,0,oo1FA5bK2MNrLgHbhgoTE7+XU9M=,4GPs8IpsUun01txFEd8sdiwufV8=
28,0,oo1FA5bK2MNrLgHbhgoTE7+XU9M=,4GPs8IpsUun01txFEd8sdiwufV8=
27,4,oo1FA5bK2MNrLgHbhgoTE7+XU9M=,4GPs8IpsUun01txFEd8sdiwufV8=
28,4,oo1FA5bK2MNrLgHbhgoTE7+XU9M=,4GPs8IpsUun01txFEd8sdiwufV8=
27,3,oo1FA5bK2MNrLgHbhgoTE7+XU9M=,4GPs8IpsUun01txFEd8sdiwufV8=
27,1,oo1FA5bK2MNrLgHbhgoTE7+XU9M=,4GPs8IpsUun01txFEd8sdiwufV8=
28,1,oo1FA5bK2MNrLgHbhgoTE7+XU9M=,4GPs8IpsUun01txFEd8sdiwufV8=
27,2,oo1FA5bK2MNrLgHbhgoTE7+XU9M=,4GPs8IpsUun01txFEd8sdiwufV8=
28,2,oo1FA5bK2MNrLgHbhgoTE7+XU9M=,4GPs8IpsUun01txFEd8sdiwufV8=
27,5,oo1FA5bK2MNrLgHbhgoTE7+XU9M=,4GPs8IpsUun01txFEd8sdiwufV8=
28,5,oo1FA5bK2MNrLgHbhgoTE7+XU9M=,4GPs8IpsUun01txFEd8sdiwufV8=
27,6,oo1FA5bK2MNrLgHbhgoTE7+XU9M=,4GPs8IpsUun01txFEd8sdiwufV8=
28,6,oo1FA5bK2MNrLgHbhgoTE7+XU9M=,4GPs8IpsUun01txFEd8sdiwufV8=
27,7,oo1FA5bK2MNrLgHbhgoTE7+XU9M=,4GPs8IpsUun01txFEd8sdiwufV8=
28,7,oo1FA5bK2MNrLgHbhgoTE7+XU9M=,4GPs8IpsUun01txFEd8sdiwufV8=
19,11,r/PK1rmwwIpGvvlbNcIo0GJQUcQ=,1T6yjSXDY3LSnx9XFYvlSCf3JmU=
20,11,r/PK1rmwwIpGvvlbNcIo0GJQUcQ=,1T6yjSXDY3LSnx9XFYvlSCf3JmU=
21,11,r/PK1rmwwIpGvvlbNcIo0GJQUcQ=,1T6yjSXDY3LSnx9XFYvlSCf3JmU=
22,11,r/PK1rmwwIpGvvlbNcIo0GJQUcQ=,1T6yjSXDY3LSnx9XFYvlSCf3JmU=
23,11,r/PK1rmwwIpGvvlbNcIo0GJQUcQ=,1T6yjSXDY3LSnx9XFYvlSCf3JmU=
19,12,r/PK1rmwwIpGvvlbNcIo0GJQUcQ=,1T6yjSXDY3LSnx9XFYvlSCf3JmU=
20,12,r/PK1rmwwIpGvvlbNcIo0GJQUcQ=,1T6yjSXDY3LSnx9XFYvlSCf3JmU=
21,12,r/PK1rmwwIpGvvlbNcIo0GJQUcQ=,1T6yjSXDY3LSnx9XFYvlSCf3JmU=
22,12,r/PK1rmwwIpGvvlbNcIo0GJQUcQ=,1T6yjSXDY3LSnx9XFYvlSCf3JmU=
23,12,r/PK1rmwwIpGvvlbNcIo0GJQUcQ=,1T6yjSXDY3LSnx9XFYvlSCf3JmU=
18,11,yn8fS7ZpCghpcf0eZVz/dRoaWtI=,1T6yjSXDY3LSnx9XFYvlSCf3JmU=
16,12,yn8fS7ZpCghpcf0eZVz/dRoaWtI=,1T6yjSXDY3LSnx9XFYvlSCf3JmU=
17,12,yn8fS7ZpCghpcf0eZVz/dRoaWtI=,1T6yjSXDY3LSnx9XFYvlSCf3JmU=
18,12,yn8fS7ZpCghpcf0eZVz/dRoaWtI=,1T6yjSXDY3LSnx9XFYvlSCf3JmU=
16,11,yn8fS7ZpCghpcf0eZVz/dRoaWtI=,1T6yjSXDY3LSnx9XFYvlSCf3JmU=
17,11,yn8fS7ZpCghpcf0eZVz/dRoaWtI=,1T6yjSXDY3LSnx9XFYvlSCf3JmU=
19,14,9sVErlTiGYKSrdEe3/ZgdD2l7CM=,1T6yjSXDY3LSnx9XFYvlSCf3JmU=
20,14,9sVErlTiGYKSrdEe3/ZgdD2l7CM=,1T6yjSXDY3LSnx9XFYvlSCf3JmU=
19,13,9sVErlTiGYKSrdEe3/ZgdD2l7CM=,1T6yjSXDY3LSnx9XFYvlSCf3JmU=
20,13,9sVErlTiGYKSrdEe3/ZgdD2l7CM=,1T6yjSXDY3LSnx9XFYvlSCf3JmU=
19,15,9sVErlTiGYKSrdEe3/ZgdD2l7CM=,1T6yjSXDY3LSnx9XFYvlSCf3JmU=
20,15,9sVErlTiGYKSrdEe3/ZgdD2l7CM=,1T6yjSXDY3LSnx9XFYvlSCf3JmU=
29,3,oo1FA5bK2MNrLgHbhgoTE7+XU9M=,4GPs8IpsUun01txFEd8sdiwufV8=
30,3,oo1FA5bK2MNrLgHbhgoTE7+XU9M=,4GPs8IpsUun01txFEd8sdiwufV8=
31,3,oo1FA5bK2MNrLgHbhgoTE7+XU9M=,4GPs8IpsUun01txFEd8sdiwufV8=
30,2,oo1FA5bK2MNrLgHbhgoTE7+XU9M=,4GPs8IpsUun01txFEd8sdiwufV8=
31,2,oo1FA5bK2MNrLgHbhgoTE7+XU9M=,4GPs8IpsUun01txFEd8sdiwufV8=
29,0,oo1FA5bK2MNrLgHbhgoTE7+XU9M=,4GPs8IpsUun01txFEd8sdiwufV8=
29,4,oo1FA5bK2MNrLgHbhgoTE7+XU9M=,4GPs8IpsUun01txFEd8sdiwufV8=
30,4,oo1FA5bK2MNrLgHbhgoTE7+XU9M=,4GPs8IpsUun01txFEd8sdiwufV8=
31,4,oo1FA5bK2MNrLgHbhgoTE7+XU9M=,4GPs8IpsUun01txFEd8sdiwufV8=
30,0,oo1FA5bK2MNrLgHbhgoTE7+XU9M=,4GPs8IpsUun01txFEd8sdiwufV8=
31,0,oo1FA5bK2MNrLgHbhgoTE7+XU9M=,4GPs8IpsUun01txFEd8sdiwufV8=
29,1,oo1FA5bK2MNrLgHbhgoTE7+XU9M=,4GPs8IpsUun01txFEd8sdiwufV8=
30,1,oo1FA5bK2MNrLgHbhgoTE7+XU9M=,4GPs8IpsUun01txFEd8sdiwufV8=
31,1,oo1FA5bK2MNrLgHbhgoTE7+XU9M=,4GPs8IpsUun01txFEd8sdiwufV8=
29,2,oo1FA5bK2MNrLgHbhgoTE7+XU9M=,4GPs8IpsUun01txFEd8sdiwufV8=
29,5,oo1FA5bK2MNrLgHbhgoTE7+XU9M=,4GPs8IpsUun01txFEd8sdiwufV8=
30,5,oo1FA5bK2MNrLgHbhgoTE7+XU9M=,4GPs8IpsUun01txFEd8sdiwufV8=
31,5,oo1FA5bK2MNrLgHbhgoTE7+XU9M=,4GPs8IpsUun01txFEd8sdiwufV8=
29,6,oo1FA5bK2MNrLgHbhgoTE7+XU9M=,4GPs8IpsUun01txFEd8sdiwufV8=
30,6,oo1FA5bK2MNrLgHbhgoTE7+XU9M=,4GPs8IpsUun01txFEd8sdiwufV8=
31,6,oo1FA5bK2MNrLgHbhgoTE7+XU9M=,4GPs8IpsUun01txFEd8sdiwufV8=
29,7,oo1FA5bK2MNrLgHbhgoTE7+XU9M=,4GPs8IpsUun01txFEd8sdiwufV8=
30,7,oo1FA5bK2MNrLgHbhgoTE7+XU9M=,4GPs8IpsUun01txFEd8sdiwufV8=
31,7,oo1FA5bK2MNrLgHbhgoTE7+XU9M=,4GPs8IpsUun01txFEd8sdiwufV8=
22,15,9sVErlTiGYKSrdEe3/ZgdD2l7CM=,1T6yjSXDY3LSnx9XFYvlSCf3JmU=
23,15,9sVErlTiGYKSrdEe3/ZgdD2l7CM=,1T6yjSXDY3LSnx9XFYvlSCf3JmU=
21,14,9sVErlTiGYKSrdEe3/ZgdD2l7CM=,1T6yjSXDY3LSnx9XFYvlSCf3JmU=
22,14,9sVErlTiGYKSrdEe3/ZgdD2l7CM=,1T6yjSXDY3LSnx9XFYvlSCf3JmU=
23,14,9sVErlTiGYKSrdEe3/ZgdD2l7CM=,1T6yjSXDY3LSnx9XFYvlSCf3JmU=
21,13,9sVErlTiGYKSrdEe3/ZgdD2l7CM=,1T6yjSXDY3LSnx9XFYvlSCf3JmU=
22,13,9sVErlTiGYKSrdEe3/ZgdD2l7CM=,1T6yjSXDY3LSnx9XFYvlSCf3JmU=
23,13,9sVErlTiGYKSrdEe3/ZgdD2l7CM=,1T6yjSXDY3LSnx9XFYvlSCf3JmU=
21,15,9sVErlTiGYKSrdEe3/ZgdD2l7CM=,1T6yjSXDY3LSnx9XFYvlSCf3JmU=
18,14,4rS7vcdTzadL4PR08SOylmF9KXw=,1T6yjSXDY3LSnx9XFYvlSCf3JmU=
16,15,4rS7vcdTzadL4PR08SOylmF9KXw=,1T6yjSXDY3LSnx9XFYvlSCf3JmU=
16,13,4rS7vcdTzadL4PR08SOylmF9KXw=,1T6yjSXDY3LSnx9XFYvlSCf3JmU=
17,13,4rS7vcdTzadL4PR08SOylmF9KXw=,1T6yjSXDY3LSnx9XFYvlSCf3JmU=
18,13,4rS7vcdTzadL4PR08SOylmF9KXw=,1T6yjSXDY3LSnx9XFYvlSCf3JmU=
17,15,4rS7vcdTzadL4PR08SOylmF9KXw=,1T6yjSXDY3LSnx9XFYvlSCf3JmU=
18,15,4rS7vcdTzadL4PR08SOylmF9KXw=,1T6yjSXDY3LSnx9XFYvlSCf3JmU=
16,14,4rS7vcdTzadL4PR08SOylmF9KXw=,1T6yjSXDY3LSnx9XFYvlSCf3JmU=
17,14,4rS7vcdTzadL4PR08SOylmF9KXw=,1T6yjSXDY3LSnx9XFYvlSCf3JmU=
18,8,FJzjnjwDEOzsfIHKPNU4xaRl9sg=,1T6yjSXDY3LSnx9XFYvlSCf3JmU=
19,8,FJzjnjwDEOzsfIHKPNU4xaRl9sg=,1T6yjSXDY3LSnx9XFYvlSCf3JmU=
19,6,FJzjnjwDEOzsfIHKPNU4xaRl9sg=,Zg67I/usBZBdJSLMHBNKewGKITk=
24,0,jIDspRslg5a5WIPSeJdutbAPSwg=,4GPs8IpsUun01txFEd8sdiwufV8=
25,0,jIDspRslg5a5WIPSeJdutbAPSwg=,4GPs8IpsUun01txFEd8sdiwufV8=
20,8,FJzjnjwDEOzsfIHKPNU4xaRl9sg=,1T6yjSXDY3LSnx9XFYvlSCf3JmU=
26,0,jIDspRslg5a5WIPSeJdutbAPSwg=,4GPs8IpsUun01txFEd8sdiwufV8=
21,8,FJzjnjwDEOzsfIHKPNU4xaRl9sg=,1T6yjSXDY3LSnx9XFYvlSCf3JmU=
22,8,FJzjnjwDEOzsfIHKPNU4xaRl9sg=,1T6yjSXDY3LSnx9XFYvlSCf3JmU=
17,8,FJzjnjwDEOzsfIHKPNU4xaRl9sg=,1T6yjSXDY3LSnx9XFYvlSCf3JmU=
16,8,FJzjnjwDEOzsfIHKPNU4xaRl9sg=,1T6yjSXDY3LSnx9XFYvlSCf3JmU=
18,6,FJzjnjwDEOzsfIHKPNU4xaRl9sg=,Zg67I/usBZBdJSLMHBNKewGKITk=
24,4,jIDspRslg5a5WIPSeJdutbAPSwg=,4GPs8IpsUun01txFEd8sdiwufV8=
23,8,FJzjnjwDEOzsfIHKPNU4xaRl9sg=,1T6yjSXDY3LSnx9XFYvlSCf3JmU=
17,6,FJzjnjwDEOzsfIHKPNU4xaRl9sg=,Zg67I/usBZBdJSLMHBNKewGKITk=
16,1,FJzjnjwDEOzsfIHKPNU4xaRl9sg=,Zg67I/usBZBdJSLMHBNKewGKITk=
16,6,FJzjnjwDEOzsfIHKPNU4xaRl9sg=,Zg67I/usBZBdJSLMHBNKewGKITk=
23,0,FJzjnjwDEOzsfIHKPNU4xaRl9sg=,Zg67I/usBZBdJSLMHBNKewGKITk=
25,4,jIDspRslg5a5WIPSeJdutbAPSwg=,4GPs8IpsUun01txFEd8sdiwufV8=
18,3,FJzjnjwDEOzsfIHKPNU4xaRl9sg=,Zg67I/usBZBdJSLMHBNKewGKITk=
23,7,FJzjnjwDEOzsfIHKPNU4xaRl9sg=,Zg67I/usBZBdJSLMHBNKewGKITk=
23,5,FJzjnjwDEOzsfIHKPNU4xaRl9sg=,Zg67I/usBZBdJSLMHBNKewGKITk=
22,5,FJzjnjwDEOzsfIHKPNU4xaRl9sg=,Zg67I/usBZBdJSLMHBNKewGKITk=
17,3,FJzjnjwDEOzsfIHKPNU4xaRl9sg=,Zg67I/usBZBdJSLMHBNKewGKITk=
21,5,FJzjnjwDEOzsfIHKPNU4xaRl9sg=,Zg67I/usBZBdJSLMHBNKewGKITk=
22,0,FJzjnjwDEOzsfIHKPNU4xaRl9sg=,Zg67I/usBZBdJSLMHBNKewGKITk=
16,3,FJzjnjwDEOzsfIHKPNU4xaRl9sg=,Zg67I/usBZBdJSLMHBNKewGKITk=
20,5,FJzjnjwDEOzsfIHKPNU4xaRl9sg=,Zg67I/usBZBdJSLMHBNKewGKITk=
19,5,FJzjnjwDEOzsfIHKPNU4xaRl9sg=,Zg67I/usBZBdJSLMHBNKewGKITk=
18,5,FJzjnjwDEOzsfIHKPNU4xaRl9sg=,Zg67I/usBZBdJSLMHBNKewGKITk=
17,5,FJzjnjwDEOzsfIHKPNU4xaRl9sg=,Zg67I/usBZBdJSLMHBNKewGKITk=
23,10,FJzjnjwDEOzsfIHKPNU4xaRl9sg=,1T6yjSXDY3LSnx9XFYvlSCf3JmU=
22,10,FJzjnjwDEOzsfIHKPNU4xaRl9sg=,1T6yjSXDY3LSnx9XFYvlSCf3JmU=
21,10,FJzjnjwDEOzsfIHKPNU4xaRl9sg=,1T6yjSXDY3LSnx9XFYvlSCf3JmU=
16,5,FJzjnjwDEOzsfIHKPNU4xaRl9sg=,Zg67I/usBZBdJSLMHBNKewGKITk=
23,4,FJzjnjwDEOzsfIHKPNU4xaRl9sg=,Zg67I/usBZBdJSLMHBNKewGKITk=
22,4,FJzjnjwDEOzsfIHKPNU4xaRl9sg=,Zg67I/usBZBdJSLMHBNKewGKITk=
22,7,FJzjnjwDEOzsfIHKPNU4xaRl9sg=,Zg67I/usBZBdJSLMHBNKewGKITk=
21,0,FJzjnjwDEOzsfIHKPNU4xaRl9sg=,Zg67I/usBZBdJSLMHBNKewGKITk=
26,2,jIDspRslg5a5WIPSeJdutbAPSwg=,4GPs8IpsUun01txFEd8sdiwufV8=
25,2,jIDspRslg5a5WIPSeJdutbAPSwg=,4GPs8IpsUun01txFEd8sdiwufV8=
24,2,jIDspRslg5a5WIPSeJdutbAPSwg=,4GPs8IpsUun01txFEd8sdiwufV8=
20,0,FJzjnjwDEOzsfIHKPNU4xaRl9sg=,Zg67I/usBZBdJSLMHBNKewGKITk=
20,10,FJzjnjwDEOzsfIHKPNU4xaRl9sg=,1T6yjSXDY3LSnx9XFYvlSCf3JmU=
19,0,FJzjnjwDEOzsfIHKPNU4xaRl9sg=,Zg67I/usBZBdJSLMHBNKewGKITk=
21,4,FJzjnjwDEOzsfIHKPNU4xaRl9sg=,Zg67I/usBZBdJSLMHBNKewGKITk=
19,4,FJzjnjwDEOzsfIHKPNU4xaRl9sg=,Zg67I/usBZBdJSLMHBNKewGKITk=
20,4,FJzjnjwDEOzsfIHKPNU4xaRl9sg=,Zg67I/usBZBdJSLMHBNKewGKITk=
17,4,FJzjnjwDEOzsfIHKPNU4xaRl9sg=,Zg67I/usBZBdJSLMHBNKewGKITk=
19,10,FJzjnjwDEOzsfIHKPNU4xaRl9sg=,1T6yjSXDY3LSnx9XFYvlSCf3JmU=
18,10,FJzjnjwDEOzsfIHKPNU4xaRl9sg=,1T6yjSXDY3LSnx9XFYvlSCf3JmU=
18,4,FJzjnjwDEOzsfIHKPNU4xaRl9sg=,Zg67I/usBZBdJSLMHBNKewGKITk=
16,4,FJzjnjwDEOzsfIHKPNU4xaRl9sg=,Zg67I/usBZBdJSLMHBNKewGKITk=
18,0,FJzjnjwDEOzsfIHKPNU4xaRl9sg=,Zg67I/usBZBdJSLMHBNKewGKITk=
17,0,FJzjnjwDEOzsfIHKPNU4xaRl9sg=,Zg67I/usBZBdJSLMHBNKewGKITk=
21,7,FJzjnjwDEOzsfIHKPNU4xaRl9sg=,Zg67I/usBZBdJSLMHBNKewGKITk=
23,2,FJzjnjwDEOzsfIHKPNU4xaRl9sg=,Zg67I/usBZBdJSLMHBNKewGKITk=
22,2,FJzjnjwDEOzsfIHKPNU4xaRl9sg=,Zg67I/usBZBdJSLMHBNKewGKITk=
20,7,FJzjnjwDEOzsfIHKPNU4xaRl9sg=,Zg67I/usBZBdJSLMHBNKewGKITk=
23,3,FJzjnjwDEOzsfIHKPNU4xaRl9sg=,Zg67I/usBZBdJSLMHBNKewGKITk=
16,0,FJzjnjwDEOzsfIHKPNU4xaRl9sg=,Zg67I/usBZBdJSLMHBNKewGKITk=
17,10,FJzjnjwDEOzsfIHKPNU4xaRl9sg=,1T6yjSXDY3LSnx9XFYvlSCf3JmU=
19,7,FJzjnjwDEOzsfIHKPNU4xaRl9sg=,Zg67I/usBZBdJSLMHBNKewGKITk=
16,10,FJzjnjwDEOzsfIHKPNU4xaRl9sg=,1T6yjSXDY3LSnx9XFYvlSCf3JmU=
23,9,FJzjnjwDEOzsfIHKPNU4xaRl9sg=,1T6yjSXDY3LSnx9XFYvlSCf3JmU=
20,2,FJzjnjwDEOzsfIHKPNU4xaRl9sg=,Zg67I/usBZBdJSLMHBNKewGKITk=
22,9,FJzjnjwDEOzsfIHKPNU4xaRl9sg=,1T6yjSXDY3LSnx9XFYvlSCf3JmU=
22,3,FJzjnjwDEOzsfIHKPNU4xaRl9sg=,Zg67I/usBZBdJSLMHBNKewGKITk=
26,7,jIDspRslg5a5WIPSeJdutbAPSwg=,4GPs8IpsUun01txFEd8sdiwufV8=
25,7,jIDspRslg5a5WIPSeJdutbAPSwg=,4GPs8IpsUun01txFEd8sdiwufV8=
24,7,jIDspRslg5a5WIPSeJdutbAPSwg=,4GPs8IpsUun01txFEd8sdiwufV8=
21,2,FJzjnjwDEOzsfIHKPNU4xaRl9sg=,Zg67I/usBZBdJSLMHBNKewGKITk=
21,3,FJzjnjwDEOzsfIHKPNU4xaRl9sg=,Zg67I/usBZBdJSLMHBNKewGKITk=
17,2,FJzjnjwDEOzsfIHKPNU4xaRl9sg=,Zg67I/usBZBdJSLMHBNKewGKITk=
19,3,FJzjnjwDEOzsfIHKPNU4xaRl9sg=,Zg67I/usBZBdJSLMHBNKewGKITk=
20,3,FJzjnjwDEOzsfIHKPNU4xaRl9sg=,Zg67I/usBZBdJSLMHBNKewGKITk=
26,3,jIDspRslg5a5WIPSeJdutbAPSwg=,4GPs8IpsUun01txFEd8sdiwufV8=
16,2,FJzjnjwDEOzsfIHKPNU4xaRl9sg=,Zg67I/usBZBdJSLMHBNKewGKITk=
25,3,jIDspRslg5a5WIPSeJdutbAPSwg=,4GPs8IpsUun01txFEd8sdiwufV8=
18,7,FJzjnjwDEOzsfIHKPNU4xaRl9sg=,Zg67I/usBZBdJSLMHBNKewGKITk=
21,9,FJzjnjwDEOzsfIHKPNU4xaRl9sg=,1T6yjSXDY3LSnx9XFYvlSCf3JmU=
20,9,FJzjnjwDEOzsfIHKPNU4xaRl9sg=,1T6yjSXDY3LSnx9XFYvlSCf3JmU=
26,1,jIDspRslg5a5WIPSeJdutbAPSwg=,4GPs8IpsUun01txFEd8sdiwufV8=
23,1,FJzjnjwDEOzsfIHKPNU4xaRl9sg=,Zg67I/usBZBdJSLMHBNKewGKITk=
26,6,jIDspRslg5a5WIPSeJdutbAPSwg=,4GPs8IpsUun01txFEd8sdiwufV8=
25,6,jIDspRslg5a5WIPSeJdutbAPSwg=,4GPs8IpsUun01txFEd8sdiwufV8=
24,6,jIDspRslg5a5WIPSeJdutbAPSwg=,4GPs8IpsUun01txFEd8sdiwufV8=
17,7,FJzjnjwDEOzsfIHKPNU4xaRl9sg=,Zg67I/usBZBdJSLMHBNKewGKITk=
23,6,FJzjnjwDEOzsfIHKPNU4xaRl9sg=,Zg67I/usBZBdJSLMHBNKewGKITk=
19,9,FJzjnjwDEOzsfIHKPNU4xaRl9sg=,1T6yjSXDY3LSnx9XFYvlSCf3JmU=
19,2,FJzjnjwDEOzsfIHKPNU4xaRl9sg=,Zg67I/usBZBdJSLMHBNKewGKITk=
18,9,FJzjnjwDEOzsfIHKPNU4xaRl9sg=,1T6yjSXDY3LSnx9XFYvlSCf3JmU=
18,2,FJzjnjwDEOzsfIHKPNU4xaRl9sg=,Zg67I/usBZBdJSLMHBNKewGKITk=
22,6,FJzjnjwDEOzsfIHKPNU4xaRl9sg=,Zg67I/usBZBdJSLMHBNKewGKITk=
21,6,FJzjnjwDEOzsfIHKPNU4xaRl9sg=,Zg67I/usBZBdJSLMHBNKewGKITk=
24,3,jIDspRslg5a5WIPSeJdutbAPSwg=,4GPs8IpsUun01txFEd8sdiwufV8=
16,7,FJzjnjwDEOzsfIHKPNU4xaRl9sg=,Zg67I/usBZBdJSLMHBNKewGKITk=
22,1,FJzjnjwDEOzsfIHKPNU4xaRl9sg=,Zg67I/usBZBdJSLMHBNKewGKITk=
20,6,FJzjnjwDEOzsfIHKPNU4xaRl9sg=,Zg67I/usBZBdJSLMHBNKewGKITk=
25,1,jIDspRslg5a5WIPSeJdutbAPSwg=,4GPs8IpsUun01txFEd8sdiwufV8=
17,9,FJzjnjwDEOzsfIHKPNU4xaRl9sg=,1T6yjSXDY3LSnx9XFYvlSCf3JmU=
24,1,jIDspRslg5a5WIPSeJdutbAPSwg=,4GPs8IpsUun01txFEd8sdiwufV8=
26,5,jIDspRslg5a5WIPSeJdutbAPSwg=,4GPs8IpsUun01txFEd8sdiwufV8=
25,5,jIDspRslg5a5WIPSeJdutbAPSwg=,4GPs8IpsUun01txFEd8sdiwufV8=
24,5,jIDspRslg5a5WIPSeJdutbAPSwg=,4GPs8IpsUun01txFEd8sdiwufV8=
19,1,FJzjnjwDEOzsfIHKPNU4xaRl9sg=,Zg67I/usBZBdJSLMHBNKewGKITk=
18,1,FJzjnjwDEOzsfIHKPNU4xaRl9sg=,Zg67I/usBZBdJSLMHBNKewGKITk=
16,9,FJzjnjwDEOzsfIHKPNU4xaRl9sg=,1T6yjSXDY3LSnx9XFYvlSCf3JmU=
17,1,FJzjnjwDEOzsfIHKPNU4xaRl9sg=,Zg67I/usBZBdJSLMHBNKewGKITk=
26,4,B1xUQ5z5uES5RiUa6HJ4l8grO6U=,4GPs8IpsUun01txFEd8sdiwufV8=
20,1,FJzjnjwDEOzsfIHKPNU4xaRl9sg=,Zg67I/usBZBdJSLMHBNKewGKITk=
21,1,FJzjnjwDEOzsfIHKPNU4xaRl9sg=,Zg67I/usBZBdJSLMHBNKewGKITk=
28,11,cTtXIjOJrZZ87oCMFbTK0XAdxNE=,rVbw/qqGQFCOVdk2n7OzFkr8Te0=
24,12,cTtXIjOJrZZ87oCMFbTK0XAdxNE=,rVbw/qqGQFCOVdk2n7OzFkr8Te0=
25,12,cTtXIjOJrZZ87oCMFbTK0XAdxNE=,rVbw/qqGQFCOVdk2n7OzFkr8Te0=
26,12,cTtXIjOJrZZ87oCMFbTK0XAdxNE=,rVbw/qqGQFCOVdk2n7OzFkr8Te0=
27,12,cTtXIjOJrZZ87oCMFbTK0XAdxNE=,rVbw/qqGQFCOVdk2n7OzFkr8Te0=
28,12,cTtXIjOJrZZ87oCMFbTK0XAdxNE=,rVbw/qqGQFCOVdk2n7OzFkr8Te0=
27,11,cTtXIjOJrZZ87oCMFbTK0XAdxNE=,rVbw/qqGQFCOVdk2n7OzFkr8Te0=
24,11,cTtXIjOJrZZ87oCMFbTK0XAdxNE=,rVbw/qqGQFCOVdk2n7OzFkr8Te0=
25,11,cTtXIjOJrZZ87oCMFbTK0XAdxNE=,rVbw/qqGQFCOVdk2n7OzFkr8Te0=
26,11,cTtXIjOJrZZ87oCMFbTK0XAdxNE=,rVbw/qqGQFCOVdk2n7OzFkr8Te0=
28,13,cTtXIjOJrZZ87oCMFbTK0XAdxNE=,rVbw/qqGQFCOVdk2n7OzFkr8Te0=
24,14,cTtXIjOJrZZ87oCMFbTK0XAdxNE=,rVbw/qqGQFCOVdk2n7OzFkr8Te0=
28,15,cTtXIjOJrZZ87oCMFbTK0XAdxNE=,rVbw/qqGQFCOVdk2n7OzFkr8Te0=
25,14,cTtXIjOJrZZ87oCMFbTK0XAdxNE=,rVbw/qqGQFCOVdk2n7OzFkr8Te0=
27,13,cTtXIjOJrZZ87oCMFbTK0XAdxNE=,rVbw/qqGQFCOVdk2n7OzFkr8Te0=
26,13,cTtXIjOJrZZ87oCMFbTK0XAdxNE=,rVbw/qqGQFCOVdk2n7OzFkr8Te0=
27,15,cTtXIjOJrZZ87oCMFbTK0XAdxNE=,rVbw/qqGQFCOVdk2n7OzFkr8Te0=
26,14,cTtXIjOJrZZ87oCMFbTK0XAdxNE=,rVbw/qqGQFCOVdk2n7OzFkr8Te0=
27,14,cTtXIjOJrZZ87oCMFbTK0XAdxNE=,rVbw/qqGQFCOVdk2n7OzFkr8Te0=
28,14,cTtXIjOJrZZ87oCMFbTK0XAdxNE=,rVbw/qqGQFCOVdk2n7OzFkr8Te0=
24,13,cTtXIjOJrZZ87oCMFbTK0XAdxNE=,rVbw/qqGQFCOVdk2n7OzFkr8Te0=
24,15,cTtXIjOJrZZ87oCMFbTK0XAdxNE=,rVbw/qqGQFCOVdk2n7OzFkr8Te0=
25,15,cTtXIjOJrZZ87oCMFbTK0XAdxNE=,rVbw/qqGQFCOVdk2n7OzFkr8Te0=
25,13,cTtXIjOJrZZ87oCMFbTK0XAdxNE=,rVbw/qqGQFCOVdk2n7OzFkr8Te0=
26,15,cTtXIjOJrZZ87oCMFbTK0XAdxNE=,rVbw/qqGQFCOVdk2n7OzFkr8Te0=
27,8,oo1FA5bK2MNrLgHbhgoTE7+XU9M=,rVbw/qqGQFCOVdk2n7OzFkr8Te0=
28,8,oo1FA5bK2MNrLgHbhgoTE7+XU9M=,rVbw/qqGQFCOVdk2n7OzFkr8Te0=
27,9,oo1FA5bK2MNrLgHbhgoTE7+XU9M=,rVbw/qqGQFCOVdk2n7OzFkr8Te0=
28,9,oo1FA5bK2MNrLgHbhgoTE7+XU9M=,rVbw/qqGQFCOVdk2n7OzFkr8Te0=
27,10,oo1FA5bK2MNrLgHbhgoTE7+XU9M=,rVbw/qqGQFCOVdk2n7OzFkr8Te0=
28,10,oo1FA5bK2MNrLgHbhgoTE7+XU9M=,rVbw/qqGQFCOVdk2n7OzFkr8Te0=
31,10,oo1FA5bK2MNrLgHbhgoTE7+XU9M=,rVbw/qqGQFCOVdk2n7OzFkr8Te0=
30,10,oo1FA5bK2MNrLgHbhgoTE7+XU9M=,rVbw/qqGQFCOVdk2n7OzFkr8Te0=
29,10,oo1FA5bK2MNrLgHbhgoTE7+XU9M=,rVbw/qqGQFCOVdk2n7OzFkr8Te0=
31,9,oo1FA5bK2MNrLgHbhgoTE7+XU9M=,rVbw/qqGQFCOVdk2n7OzFkr8Te0=
30,9,oo1FA5bK2MNrLgHbhgoTE7+XU9M=,rVbw/qqGQFCOVdk2n7OzFkr8Te0=
29,9,oo1FA5bK2MNrLgHbhgoTE7+XU9M=,rVbw/qqGQFCOVdk2n7OzFkr8Te0=
29,11,S1sQ8H4AGnUt1GRUxTlU7bUHZ+A=,rVbw/qqGQFCOVdk2n7OzFkr8Te0=
30,11,S1sQ8H4AGnUt1GRUxTlU7bUHZ+A=,rVbw/qqGQFCOVdk2n7OzFkr8Te0=
31,11,S1sQ8H4AGnUt1GRUxTlU7bUHZ+A=,rVbw/qqGQFCOVdk2n7OzFkr8Te0=
29,8,oo1FA5bK2MNrLgHbhgoTE7+XU9M=,rVbw/qqGQFCOVdk2n7OzFkr8Te0=
30,8,oo1FA5bK2MNrLgHbhgoTE7+XU9M=,rVbw/qqGQFCOVdk2n7OzFkr8Te0=
31,8,oo1FA5bK2MNrLgHbhgoTE7+XU9M=,rVbw/qqGQFCOVdk2n7OzFkr8Te0=
29,12,S1sQ8H4AGnUt1GRUxTlU7bUHZ+A=,rVbw/qqGQFCOVdk2n7OzFkr8Te0=
30,12,S1sQ8H4AGnUt1GRUxTlU7bUHZ+A=,rVbw/qqGQFCOVdk2n7OzFkr8Te0=
31,12,S1sQ8H4AGnUt1GRUxTlU7bUHZ+A=,rVbw/qqGQFCOVdk2n7OzFkr8Te0=
29,13,nSIaNCgr7fBIRJbYYPgfWfE+NSU=,rVbw/qqGQFCOVdk2n7OzFkr8Te0=
30,13,nSIaNCgr7fBIRJbYYPgfWfE+NSU=,rVbw/qqGQFCOVdk2n7OzFkr8Te0=
31,13,nSIaNCgr7fBIRJbYYPgfWfE+NSU=,rVbw/qqGQFCOVdk2n7OzFkr8Te0=
29,15,nSIaNCgr7fBIRJbYYPgfWfE+NSU=,rVbw/qqGQFCOVdk2n7OzFkr8Te0=
29,14,nSIaNCgr7fBIRJbYYPgfWfE+NSU=,rVbw/qqGQFCOVdk2n7OzFkr8Te0=
30,14,nSIaNCgr7fBIRJbYYPgfWfE+NSU=,rVbw/qqGQFCOVdk2n7OzFkr8Te0=
31,14,nSIaNCgr7fBIRJbYYPgfWfE+NSU=,rVbw/qqGQFCOVdk2n7OzFkr8Te0=
30,15,nSIaNCgr7fBIRJbYYPgfWfE+NSU=,rVbw/qqGQFCOVdk2n7OzFkr8Te0=
31,15,nSIaNCgr7fBIRJbYYPgfWfE+NSU=,rVbw/qqGQFCOVdk2n7OzFkr8Te0=
26,10,jIDspRslg5a5WIPSeJdutbAPSwg=,rVbw/qqGQFCOVdk2n7OzFkr8Te0=
25,10,jIDspRslg5a5WIPSeJdutbAPSwg=,rVbw/qqGQFCOVdk2n7OzFkr8Te0=
24,10,jIDspRslg5a5WIPSeJdutbAPSwg=,rVbw/qqGQFCOVdk2n7OzFkr8Te0=
24,8,B1xUQ5z5uES5RiUa6HJ4l8grO6U=,rVbw/qqGQFCOVdk2n7OzFkr8Te0=
25,8,B1xUQ5z5uES5RiUa6HJ4l8grO6U=,rVbw/qqGQFCOVdk2n7OzFkr8Te0=
26,8,B1xUQ5z5uES5RiUa6HJ4l8grO6U=,rVbw/qqGQFCOVdk2n7OzFkr8Te0=
26,9,B1xUQ5z5uES5RiUa6HJ4l8grO6U=,rVbw/qqGQFCOVdk2n7OzFkr8Te0=
25,9,B1xUQ5z5uES5RiUa6HJ4l8grO6U=,rVbw/qqGQFCOVdk2n7OzFkr8Te0=
24,9,B1xUQ5z5uES5RiUa6HJ4l8grO6U=,rVbw/qqGQFCOVdk2n7OzFkr8Te0=
